formula,nelements,radius_mean,radius_mean_wtd,radius_std,radius_std_wtd,radius_range,radius_range_wtd,radius_entropy,radius_entropy_wtd,mass_mean,mass_mean_wtd,mass_std,mass_std_wtd,mass_range,mass_range_wtd,mass_entropy,mass_entropy_wtd,valence_mean,valence_mean_wtd,valence_std,valence_std_wtd,valence_range,valence_range_wtd,valence_entropy,valence_entropy_wtd,electronnegativity_mean,electronnegativity_mean_wtd,electronnegativity_std,electronnegativity_std_wtd,electronnegativity_range,electronnegativity_range_wtd,electronnegativity_entropy,electronnegativity_entropy_wtd,firstionization_mean,firstionization_mean_wtd,firstionization_std,firstionization_std_wtd,firstionization_range,firstionization_range_wtd,firstionization_entropy,firstionization_entropy_wtd,shell_range,d_mean,d_ratio,d_unfill
Ti8N5,2,1.075,1.1615384615384614,0.375,0.3648781915578899,0.75,0.6230769230769231,0.6310051928046935,0.5414278876727536,30.936999999999998,34.843923076923076,16.93,16.473034088200205,33.86,24.069307692307692,0.5348644030410621,0.43062727616237284,4.5,4.384615384615385,0.5,0.4865042554105199,1,0.5384615384615385,0.6869615765973234,0.6855873290398788,2.29,2.1169230769230767,0.75,0.7297563831157798,1.5,0.22153846153846157,0.6385130225439005,0.687661208297261,10.6811,9.791946153846155,3.853,3.7490017921934666,7.706,1.38813076923077,0.6265937843109279,0.6830649476872637,2,1.2307692307692308,0.2807017543859649,9.846153846153847
VN,2,1.01,1.01,0.31000000000000005,0.31000000000000005,0.6200000000000001,0.31000000000000005,0.6452750205454816,0.6452750205454816,32.4745,32.4745,18.4675,18.4675,36.935,18.4675,0.5213617863955611,0.5213617863955611,5.0,5.0,0.0,0.0,0,0.0,0.6931471805599453,0.6931471805599453,2.335,2.335,0.7050000000000001,0.7050000000000001,1.4100000000000001,0.7050000000000001,0.6468480928744784,0.6468480928744784,10.64015,10.64015,3.8939500000000002,3.8939500000000002,7.7879000000000005,3.8939500000000002,0.6245998677178319,0.6245998677178319,2,1.5,0.3,7.0
ReN2,2,1.0350000000000001,0.9233333333333333,0.3350000000000001,0.3158410289299913,0.6700000000000002,0.009999999999999953,0.6398103208890008,0.6930885314445381,100.107,71.407,86.1,81.17585848021565,172.2,52.730999999999995,0.25353583612891584,0.38785065575673405,6.0,5.666666666666667,1.0,0.9428090415820634,2,1.0,0.6791932659915256,0.6774944044487072,2.4699999999999998,2.66,0.5700000000000001,0.5374011537017762,1.1400000000000001,1.393333333333333,0.666278442414676,0.5488743844849944,11.1838,12.300566666666668,3.3503000000000003,3.1586931320123868,6.7006000000000006,7.0782333333333325,0.6475804865742896,0.516962127814127,4,1.6666666666666667,0.16129032258064516,3.3333333333333335
CrN2,2,0.975,0.8833333333333333,0.275,0.25927248643506745,0.55,0.04999999999999999,0.652825793916348,0.6915443304085231,33.0015,26.67,18.994500000000002,17.908186340330502,37.989000000000004,7.9940000000000015,0.5168800765921491,0.6475278399269624,5.5,5.333333333333334,0.5,0.4714045207910317,1,1.333333333333333,0.6890092384766586,0.6615632381579821,2.35,2.58,0.6900000000000001,0.6505382386916237,1.3800000000000001,1.4733333333333332,0.6493999413111733,0.5198195465837636,10.6503,11.9449,3.8838000000000004,3.6616817556964176,7.767600000000001,7.4338999999999995,0.6250984676884863,0.48451522969517724,2,1.6666666666666667,0.31250000000000006,3.3333333333333335
TeN2,2,1.065,0.9433333333333332,0.365,0.34412530017745313,0.73,0.010000000000000009,0.6332102451900736,0.6930909920161374,70.8035,51.87133333333333,56.7965,53.54825373021566,113.59299999999999,33.19533333333333,0.32269154341817397,0.47142739523505817,5.5,5.333333333333334,0.5,0.4714045207910317,1,1.333333333333333,0.6890092384766586,0.6615632381579821,2.5700000000000003,2.726666666666667,0.47,0.4431202495435697,0.94,1.3266666666666664,0.6763302641357881,0.5696020558128964,11.77185,12.6926,2.76225,2.6042742751100545,5.5245,6.6861999999999995,0.6653587924026949,0.5471411009774674,3,3.3333333333333335,0.3846153846153846,0.0
CrN,2,0.975,0.975,0.275,0.275,0.55,0.275,0.652825793916348,0.652825793916348,33.0015,33.0015,18.994500000000002,18.994500000000002,37.989000000000004,18.994500000000002,0.5168800765921491,0.5168800765921491,5.5,5.5,0.5,0.5,1,0.5,0.6890092384766586,0.6890092384766586,2.35,2.35,0.6900000000000001,0.6900000000000001,1.3800000000000001,0.6900000000000001,0.6493999413111733,0.6493999413111733,10.6503,10.6503,3.8838000000000004,3.8838000000000004,7.767600000000001,3.8838000000000004,0.6250984676884863,0.6250984676884863,2,2.5,0.45454545454545453,5.0
CuN,2,0.99,0.99,0.29000000000000004,0.29000000000000004,0.5800000000000001,0.29000000000000004,0.649607734102787,0.649607734102787,38.7765,38.7765,24.7695,24.7695,49.539,24.7695,0.47232017631379236,0.47232017631379236,8.0,8.0,3.0,3.0,6,3.0,0.6210863745552451,0.6210863745552451,2.4699999999999998,2.4699999999999998,0.5700000000000001,0.5700000000000001,1.1400000000000001,0.5700000000000001,0.666278442414676,0.666278442414676,11.13025,11.13025,3.4038500000000003,3.4038500000000003,6.8077000000000005,3.4038500000000003,0.6456266864765006,0.6456266864765006,2,5.0,0.625,0.0
MoN,2,1.03,1.03,0.33000000000000007,0.33000000000000007,0.6600000000000001,0.33000000000000007,0.6409065988693956,0.6409065988693956,54.9835,54.9835,40.9765,40.9765,81.95299999999999,40.976499999999994,0.3813652348633302,0.3813652348633302,5.5,5.5,0.5,0.5,1,0.5,0.6890092384766586,0.6890092384766586,2.6,2.6,0.43999999999999995,0.43999999999999995,0.8799999999999999,0.43999999999999995,0.6787585090999517,0.6787585090999517,10.81325,10.81325,3.7208500000000004,3.7208500000000004,7.441700000000001,3.7208500000000004,0.6327169885429105,0.6327169885429105,3,2.5,0.45454545454545453,5.0
Cr3N2,2,0.975,1.03,0.275,0.26944387170614964,0.55,0.47000000000000003,0.652825793916348,0.5850849610439174,33.0015,36.8004,18.994500000000002,18.610733167718035,37.989000000000004,25.5948,0.5168800765921491,0.4265893268256977,5.5,5.6,0.5,0.48989794855663565,1,1.5999999999999996,0.6890092384766586,0.6517565611726532,2.35,2.2119999999999997,0.6900000000000001,0.6760591690081572,1.3800000000000001,0.2200000000000003,0.6493999413111733,0.6881930965545164,10.6503,9.87354,3.8838000000000004,3.805331305208523,7.767600000000001,1.7537400000000005,0.6250984676884863,0.6772887061721459,2,3.0,0.5357142857142857,6.0
MoN2,2,1.03,0.9199999999999999,0.33000000000000007,0.311126983722081,0.6600000000000001,0.013333333333333253,0.6409065988693956,0.6930421569294483,54.9835,41.324666666666666,40.9765,38.63301469238742,81.95299999999999,22.648666666666664,0.3813652348633302,0.5343567853348792,5.5,5.333333333333334,0.5,0.4714045207910317,1,1.333333333333333,0.6890092384766586,0.6615632381579821,2.6,2.746666666666667,0.43999999999999995,0.41483597829610785,0.8799999999999999,1.3066666666666664,0.6787585090999517,0.5752791897453828,10.81325,12.053533333333334,3.7208500000000004,3.508051022370621,7.441700000000001,7.325266666666666,0.6327169885429105,0.49499907440684954,3,1.6666666666666667,0.31250000000000006,3.3333333333333335
WN2,2,1.0350000000000001,0.9233333333333333,0.3350000000000001,0.3158410289299913,0.6700000000000002,0.009999999999999953,0.6398103208890008,0.6930885314445381,98.9235,70.618,84.9165,80.06004397950328,169.833,51.942,0.25569601419700555,0.39060881082161913,5.5,5.333333333333334,0.5,0.4714045207910317,1,1.333333333333333,0.6890092384766586,0.6615632381579821,2.7,2.8133333333333335,0.3400000000000001,0.32055507413790163,0.6800000000000002,1.2399999999999998,0.6851974224962176,0.5925948711107989,11.19905,12.310733333333335,3.3350500000000003,3.1443152941282606,6.670100000000001,7.068066666666666,0.6481256669728126,0.5178138595558704,4,1.3333333333333333,0.13333333333333333,4.0
Nb12N11,2,1.065,1.0808695652173914,0.365,0.3646548462585009,0.73,0.4113043478260869,0.6332102451900736,0.6188880785891757,53.456500000000005,55.171695652173916,39.44950000000001,39.41219549993078,78.899,41.77369565217392,0.3883079771371024,0.36974661797107794,5.0,5.0,0.0,0.0,0,0.21739130434782616,0.6931471805599453,0.6922017029622767,2.3200000000000003,2.2886956521739132,0.72,0.7193191487838922,1.44,0.6191304347826088,0.6441857770863766,0.6560976662836363,10.6465,10.477473913043479,3.8876000000000004,3.8839237816836945,7.775200000000001,3.424708695652175,0.6249121400208648,0.638732775198867,3,2.0869565217391304,0.41739130434782606,6.260869565217392
Nb20N17,2,1.065,1.0945945945945945,0.365,0.3637982407472328,0.73,0.45135135135135135,0.6332102451900736,0.6055429842059222,53.456500000000005,56.65510810810812,39.44950000000001,39.319612872213604,78.899,43.78381081081081,0.3883079771371024,0.35396296064706523,5.0,5.0,0.0,0.0,0,0.40540540540540526,0.6931471805599453,0.689856498589211,2.3200000000000003,2.2616216216216216,0.72,0.7176294064055004,1.44,0.531891891891892,0.6441857770863766,0.6652312275247214,10.6465,10.331289189189189,3.8876000000000004,3.874800111586144,7.775200000000001,3.0243702702702704,0.6249121400208648,0.6496651675850318,3,2.1621621621621623,0.43243243243243246,6.486486486486487
V32N3,2,1.01,1.266857142857143,0.31000000000000005,0.1735638446314938,0.6200000000000001,1.1468571428571428,0.6452750205454816,0.190671202562016,32.4745,47.77614285714286,18.4675,10.339646131393907,36.935,45.374942857142855,0.5213617863955611,0.11738165809223178,5.0,5.0,0.0,0.0,0,4.142857142857142,0.6931471805599453,0.2925084684723972,2.335,1.750857142857143,0.7050000000000001,0.3947177756942036,1.4100000000000001,1.2297142857142855,0.6468480928744784,0.42066561948843706,10.64015,7.413734285714286,3.8939500000000002,2.1801578477509844,7.7879000000000005,4.922174285714285,0.6245998677178319,0.4527595699874452,2,2.742857142857143,0.5485714285714286,12.8
Nb4N3,2,1.065,1.117142857142857,0.365,0.3612563112929372,0.73,0.5171428571428571,0.6332102451900736,0.5818034815684404,53.456500000000005,59.09214285714286,39.44950000000001,39.04487904753624,78.899,47.08614285714286,0.3883079771371024,0.32855628117256996,5.0,5.0,0.0,0.0,0,0.714285714285714,0.6931471805599453,0.6829081047004717,2.3200000000000003,2.217142857142857,0.72,0.7126151893997666,1.44,0.38857142857142846,0.6441857770863766,0.6777099431309415,10.6465,10.091128571428571,3.8876000000000004,3.847726125431296,7.775200000000001,2.3666714285714283,0.6249121400208648,0.6653872033811857,3,2.2857142857142856,0.45714285714285713,6.857142857142857
Nb8N5,2,1.065,1.1492307692307693,0.365,0.3551481064496795,0.73,0.6107692307692307,0.6332102451900736,0.5443850666510779,53.456500000000005,62.56023076923078,39.44950000000001,38.384699247634614,78.899,51.78561538461539,0.3883079771371024,0.29345347186855264,5.0,5.0,0.0,0.0,0,1.153846153846154,0.6931471805599453,0.666278442414676,2.3200000000000003,2.1538461538461537,0.72,0.7005661277911486,1.44,0.18461538461538463,0.6441857770863766,0.6894691997751603,10.6465,9.749361538461539,3.8876000000000004,3.7826678866678747,7.775200000000001,1.430715384615385,0.6249121400208648,0.6823404659905736,3,2.4615384615384617,0.49230769230769234,7.384615384615385
C3N,2,0.735,0.7525,0.03500000000000003,0.03031088913245538,0.07000000000000006,0.4025,0.6920129648318738,0.5423489422439274,13.009,12.51,0.9980000000000002,0.8642933529768699,1.9960000000000004,5.506500000000001,0.6902016057811866,0.5928740286163175,4.5,4.25,0.5,0.4330127018922193,1,1.75,0.6869615765973234,0.605797499372304,2.795,2.6725,0.2450000000000001,0.21217622392718755,0.4900000000000002,1.1524999999999999,0.689300411897693,0.5970407126108345,12.897200000000002,12.078750000000001,1.6368999999999998,1.4175969834547473,3.2737999999999996,4.8117,0.6850711975671451,0.6115571667312991,0,0,0.0,0
Pd3N2,2,1.04,1.1079999999999999,0.33999999999999997,0.3331306050185122,0.6799999999999999,0.548,0.638712716743869,0.5652902240595893,60.2135,69.45479999999999,46.2065,45.27293911996437,92.413,58.249199999999995,0.35951015779662954,0.28039854331618547,7.5,8.0,2.5,2.449489742783178,5,4.0,0.6365141682948128,0.5623351446188083,2.62,2.536,0.41999999999999993,0.41151427678757385,0.8399999999999999,0.10399999999999987,0.6802426739679679,0.6923060566462718,11.435500000000001,10.81578,3.0986000000000002,3.0359955667951826,6.1972000000000005,0.8115000000000006,0.6559736870150619,0.6903298386210825,2,6.0,0.75,0.0
Cu3N,2,0.99,1.135,0.29000000000000004,0.25114736709748725,0.5800000000000001,0.7849999999999999,0.649607734102787,0.42990026602121095,38.7765,51.16125,24.7695,21.451016239038655,49.539,44.15775,0.47232017631379236,0.24959887576426767,8.0,9.5,3.0,2.598076211353316,6,7.0,0.6210863745552451,0.3893772362904818,2.4699999999999998,2.1849999999999996,0.5700000000000001,0.4936344801571301,1.1400000000000001,0.6649999999999998,0.666278442414676,0.646090505060809,11.13025,9.428325000000001,3.4038500000000003,2.9478205706716616,6.8077000000000005,2.1612750000000003,0.6456266864765006,0.6666384169526126,2,7.5,0.7894736842105263,0.0
Cu2N,2,0.99,1.0866666666666667,0.29000000000000004,0.2734146220587984,0.5800000000000001,0.62,0.649607734102787,0.5201486306605019,38.7765,47.032999999999994,24.7695,23.352908555466918,49.539,37.695,0.47232017631379236,0.32347763093318327,8.0,9.0,3.0,2.8284271247461903,6,5.666666666666666,0.6210863745552451,0.4791656239282754,2.4699999999999998,2.2800000000000002,0.5700000000000001,0.5374011537017762,1.1400000000000001,0.2533333333333334,0.666278442414676,0.6869615765973234,11.13025,9.995633333333334,3.4038500000000003,3.2091805561891067,6.8077000000000005,0.30623333333333314,0.6456266864765006,0.6926778030753409,2,6.666666666666667,0.7407407407407408,0.0
Mo3N2,2,1.03,1.096,0.33000000000000007,0.3233326460473796,0.6600000000000001,0.536,0.6409065988693956,0.5682699104476495,54.9835,63.1788,40.9765,40.14860657806196,81.95299999999999,51.97319999999999,0.3813652348633302,0.2994769762224646,5.5,5.6,0.5,0.48989794855663565,1,1.5999999999999996,0.6890092384766586,0.6517565611726532,2.6,2.512,0.43999999999999995,0.4311101947298393,0.8799999999999999,0.07999999999999985,0.6787585090999517,0.6926399748372973,10.81325,10.06908,3.7208500000000004,3.645673563773916,7.441700000000001,1.5582000000000011,0.6327169885429105,0.6811249921632434,3,3.0,0.5357142857142857,6.0
OsN2,2,1.02,0.9133333333333333,0.32000000000000006,0.3016988933062603,0.6400000000000001,0.019999999999999962,0.6430945029771711,0.692907404348929,102.1185,72.74799999999999,88.11149999999999,83.07231886735796,176.22299999999998,54.071999999999996,0.2499557114112063,0.38325895756099515,6.5,6.0,1.5,1.4142135623730951,3,0.6666666666666665,0.666278442414676,0.6869615765973234,2.62,2.7600000000000002,0.41999999999999993,0.39597979746446654,0.8399999999999999,1.293333333333333,0.6802426739679679,0.5789353905773502,11.48615,12.502133333333335,3.04795,2.87363481829005,6.0959,6.876666666666666,0.657514267353462,0.5331394383363948,4,2.0,0.18749999999999997,2.6666666666666665
RuN2,2,1.0150000000000001,0.9099999999999999,0.31500000000000006,0.29698484809835,0.6300000000000001,0.02333333333333326,0.6441857770863766,0.6928184134311288,57.5385,43.028,43.531499999999994,41.04189179362959,87.06299999999999,24.351999999999997,0.37033505959981616,0.523112207640686,6.5,6.0,1.5,1.4142135623730951,3,0.6666666666666665,0.666278442414676,0.6869615765973234,2.62,2.7600000000000002,0.41999999999999993,0.39597979746446654,0.8399999999999999,1.293333333333333,0.6802426739679679,0.5789353905773502,10.9473,12.142900000000001,3.5868,3.381667470346545,7.1736,7.235899999999999,0.6384682926990184,0.5032342879141964,3,2.3333333333333335,0.3888888888888889,2.0
ReN,2,1.0350000000000001,1.0350000000000001,0.3350000000000001,0.3350000000000001,0.6700000000000002,0.3350000000000001,0.6398103208890008,0.6398103208890008,100.107,100.107,86.1,86.1,172.2,86.1,0.25353583612891584,0.25353583612891584,6.0,6.0,1.0,1.0,2,1.0,0.6791932659915256,0.6791932659915256,2.4699999999999998,2.4699999999999998,0.5700000000000001,0.5700000000000001,1.1400000000000001,0.5700000000000001,0.666278442414676,0.666278442414676,11.1838,11.1838,3.3503000000000003,3.3503000000000003,6.7006000000000006,3.3503000000000003,0.6475804865742896,0.6475804865742896,4,2.5,0.19230769230769232,5.0
TcN,2,1.03,1.03,0.33000000000000007,0.33000000000000007,0.6600000000000001,0.33000000000000007,0.6409065988693956,0.6409065988693956,56.0035,56.0035,41.996500000000005,41.996500000000005,83.993,41.9965,0.3768765578986109,0.3768765578986109,6.0,6.0,1.0,1.0,2,1.0,0.6791932659915256,0.6791932659915256,2.4699999999999998,2.4699999999999998,0.5700000000000001,0.5700000000000001,1.1400000000000001,0.5700000000000001,0.666278442414676,0.666278442414676,10.90705,10.90705,3.62705,3.62705,7.2541,3.62705,0.6367881417512439,0.6367881417512439,3,2.5,0.4166666666666667,5.0
IrN,2,1.03,1.03,0.33000000000000007,0.33000000000000007,0.6600000000000001,0.33000000000000007,0.6409065988693956,0.6409065988693956,103.11200000000001,103.11200000000001,89.105,89.105,178.21,89.105,0.24822847245047258,0.24822847245047258,7.0,7.0,2.0,2.0,4,2.0,0.6517565611726531,0.6517565611726531,2.62,2.62,0.41999999999999993,0.41999999999999993,0.8399999999999999,0.41999999999999993,0.6802426739679679,0.6802426739679679,11.75055,11.75055,2.78355,2.78355,5.5671,2.78355,0.6648210216989727,0.6648210216989727,4,3.5,0.25,3.0
NiN,2,0.975,0.975,0.275,0.275,0.55,0.275,0.652825793916348,0.652825793916348,36.35,36.35,22.343,22.343,44.686,22.343,0.4900692652809681,0.4900692652809681,7.5,7.5,2.5,2.5,5,2.5,0.6365141682948128,0.6365141682948128,2.475,2.475,0.5650000000000001,0.5650000000000001,1.1300000000000001,0.5650000000000001,0.6668594878527354,0.6668594878527354,11.08695,11.08695,3.44715,3.44715,6.8943,3.44715,0.6440011360396287,0.6440011360396287,2,4.0,0.5333333333333333,2.0
OsN,2,1.02,1.02,0.32000000000000006,0.32000000000000006,0.6400000000000001,0.32000000000000006,0.6430945029771711,0.6430945029771711,102.1185,102.1185,88.11149999999999,88.11149999999999,176.22299999999998,88.11149999999999,0.2499557114112063,0.2499557114112063,6.5,6.5,1.5,1.5,3,1.5,0.666278442414676,0.666278442414676,2.62,2.62,0.41999999999999993,0.41999999999999993,0.8399999999999999,0.41999999999999993,0.6802426739679679,0.6802426739679679,11.48615,11.48615,3.04795,3.04795,6.0959,3.04795,0.657514267353462,0.657514267353462,4,3.0,0.2222222222222222,4.0
PdN,2,1.04,1.04,0.33999999999999997,0.33999999999999997,0.6799999999999999,0.33999999999999997,0.638712716743869,0.638712716743869,60.2135,60.2135,46.2065,46.2065,92.413,46.2065,0.35951015779662954,0.35951015779662954,7.5,7.5,2.5,2.5,5,2.5,0.6365141682948128,0.6365141682948128,2.62,2.62,0.41999999999999993,0.41999999999999993,0.8399999999999999,0.41999999999999993,0.6802426739679679,0.6802426739679679,11.435500000000001,11.435500000000001,3.0986000000000002,3.0986000000000002,6.1972000000000005,3.0986000000000002,0.6559736870150619,0.6559736870150619,2,5.0,0.6666666666666666,0.0
BrN,2,0.905,0.905,0.20500000000000007,0.20500000000000007,0.41000000000000014,0.20500000000000007,0.6672676429281228,0.6672676429281228,46.9555,46.9555,32.948499999999996,32.948499999999996,65.89699999999999,32.948499999999996,0.42123507191250914,0.42123507191250914,6.0,6.0,1.0,1.0,2,1.0,0.6791932659915256,0.6791932659915256,3.0,3.0,0.040000000000000036,0.040000000000000036,0.08000000000000007,0.040000000000000036,0.6930582890371242,0.6930582890371242,13.173950000000001,13.173950000000001,1.36015,1.36015,2.7203,1.36015,0.6878078626321211,0.6878078626321211,2,5.0,0.45454545454545453,0.0
SN,2,0.87,0.87,0.17000000000000004,0.17000000000000004,0.3400000000000001,0.17000000000000004,0.6739327678687941,0.6739327678687941,23.035999999999998,23.035999999999998,9.029,9.029,18.058,9.029,0.6142354852756764,0.6142354852756764,5.5,5.5,0.5,0.5,1,0.5,0.6890092384766586,0.6890092384766586,2.81,2.81,0.22999999999999998,0.22999999999999998,0.45999999999999996,0.22999999999999998,0.6897936752722165,0.6897936752722165,12.44705,12.44705,2.0870500000000005,2.0870500000000005,4.174100000000001,2.0870500000000005,0.6790232288263589,0.6790232288263589,1,0,0.0,0
YbN2,2,1.3199999999999998,1.1133333333333333,0.62,0.5845416057808793,1.24,0.18,0.5783765660185102,0.6800199689539811,93.5305,67.02266666666667,79.5235,74.97547481825121,159.047,48.346666666666664,0.2660811667789392,0.4037380890358503,10.5,8.666666666666666,5.5,5.185449728701348,11,2.0,0.5488743844849944,0.666278442414676,2.0700000000000003,2.3933333333333335,0.97,0.9145247703346014,1.94,1.6599999999999997,0.5789353905773502,0.4282256018161973,10.39415,11.774133333333335,4.13995,3.9031822916976635,8.279900000000001,7.604666666666666,0.6115844062390375,0.4669067088689692,4,0,0.0,0
Hf2N,2,1.13,1.2733333333333334,0.43000000000000005,0.4054078878802873,0.8600000000000001,0.8066666666666668,0.6188880785891755,0.47628013337093744,96.2485,123.66233333333334,82.2415,77.53802979327126,164.483,114.32433333333334,0.2607325405075134,0.16074594830209835,4.5,4.333333333333333,0.5,0.4714045207910317,1,1.0,0.6869615765973234,0.666278442414676,2.17,1.8800000000000001,0.87,0.8202438661763952,1.74,0.1466666666666665,0.610473336435158,0.6901009797045684,10.6796,9.394766666666667,3.8545000000000003,3.634057450778063,7.7090000000000005,0.2946333333333335,0.6265215720189637,0.692655330216,4,1.3333333333333333,0.09756097560975609,10.666666666666666
Ti2N,2,1.075,1.2,0.375,0.3535533905932738,0.75,0.7333333333333333,0.6310051928046935,0.4926036575395839,30.936999999999998,36.58033333333333,16.93,15.961757073984332,33.86,27.24233333333333,0.5348644030410621,0.38186971675461556,4.5,4.333333333333333,0.5,0.4714045207910317,1,1.0,0.6869615765973234,0.666278442414676,2.29,2.04,0.75,0.7071067811865476,1.5,0.01333333333333342,0.6385130225439005,0.6931258211016196,10.6811,9.396766666666668,3.853,3.6326432372156905,7.706,0.29263333333333286,0.6265937843109279,0.6926621926342318,2,1.3333333333333333,0.3076923076923077,10.666666666666666
V8N,2,1.01,1.251111111111111,0.31000000000000005,0.1948472019269598,0.6200000000000001,1.0955555555555556,0.6452750205454816,0.23288882894069293,32.4745,46.83811111111111,18.4675,11.607550650277837,36.935,43.72544444444444,0.5213617863955611,0.14578963887114885,5.0,5.0,0.0,0.0,0,3.8888888888888893,0.6931471805599453,0.3488320958430318,2.335,1.7866666666666666,0.7050000000000001,0.4431202495435698,1.4100000000000001,1.111111111111111,0.6468480928744784,0.484849401585917,10.64015,7.611522222222222,3.8939500000000002,2.447500844978984,7.7879000000000005,4.381722222222223,0.6245998677178319,0.5168112821121078,2,2.6666666666666665,0.5333333333333334,12.444444444444445
Zr2N,2,1.15,1.3,0.45000000000000007,0.42426406871192857,0.9000000000000001,0.8333333333333334,0.6145033203107282,0.4706149811814812,52.615500000000004,65.485,38.60850000000001,36.400442881921094,77.217,56.147000000000006,0.39225090198508017,0.256985581195526,4.5,4.333333333333333,0.5,0.4714045207910317,1,1.0,0.6869615765973234,0.666278442414676,2.185,1.9000000000000001,0.855,0.8061017305526641,1.71,0.12666666666666648,0.6145033203107282,0.6909233093138181,10.584,9.2673,3.9501000000000004,3.7241899951533086,7.900200000000001,0.42210000000000036,0.6217885000156053,0.6921095457707376,3,1.3333333333333333,0.3076923076923077,10.666666666666666
IN2,2,0.99,0.8933333333333333,0.29000000000000004,0.2734146220587984,0.5800000000000001,0.03999999999999998,0.649607734102787,0.6921443948876715,70.4555,51.63933333333333,56.448499999999996,53.220156183745104,112.89699999999999,32.96333333333333,0.32376962004003673,0.4726514607536119,6.0,5.666666666666667,1.0,0.9428090415820634,2,1.0,0.6791932659915256,0.6774944044487072,2.85,2.9133333333333336,0.18999999999999995,0.179133717900592,0.3799999999999999,1.1399999999999997,0.6909233093138181,0.6145033203107282,12.4927,13.173166666666667,2.0414000000000003,1.9246503774856245,4.082800000000001,6.205633333333333,0.6797361262872679,0.5776697352419159,3,3.3333333333333335,0.3703703703703704,0.0
TiN2,2,1.075,0.95,0.375,0.3535533905932738,0.75,0.016666666666666663,0.6310051928046935,0.6929932791588755,30.936999999999998,25.293666666666667,16.93,15.961757073984332,33.86,6.617666666666667,0.5348644030410621,0.658519602271628,4.5,4.666666666666667,0.5,0.4714045207910317,1,1.9999999999999998,0.6869615765973234,0.5982695885852573,2.29,2.54,0.75,0.7071067811865476,1.5,1.5133333333333332,0.6385130225439005,0.5032995359922521,10.6811,11.965433333333333,3.853,3.63264323721569,7.706,7.413366666666666,0.6265937843109279,0.48653800883990117,2,0.6666666666666666,0.14285714285714288,5.333333333333333
GaN,2,0.96,0.96,0.26,0.26,0.52,0.26,0.6560097761896959,0.6560097761896959,41.865,41.865,27.858,27.858,55.716,27.858,0.45155935322721896,0.45155935322721896,4.0,4.0,1.0,1.0,2,1.0,0.6615632381579821,0.6615632381579821,2.425,2.425,0.615,0.615,1.23,0.615,0.6606346973568524,0.6606346973568524,10.2667,10.2667,4.2674,4.2674,8.5348,4.2674,0.6040856835919176,0.6040856835919176,2,5.0,0.5555555555555556,0.0
TaN,2,1.065,1.065,0.365,0.365,0.73,0.365,0.6332102451900736,0.6332102451900736,97.4775,97.4775,83.4705,83.4705,166.941,83.4705,0.2583914651230066,0.2583914651230066,5.0,5.0,0.0,0.0,0,0.0,0.6931471805599453,0.6931471805599453,2.27,2.27,0.77,0.77,1.54,0.77,0.6344590585216789,0.6344590585216789,11.04185,11.04185,3.4922500000000003,3.4922500000000003,6.984500000000001,3.4922500000000003,0.6422634703694173,0.6422634703694173,4,1.5,0.125,7.0
Mo2N,2,1.03,1.1400000000000001,0.33000000000000007,0.311126983722081,0.6600000000000001,0.6733333333333335,0.6409065988693956,0.5068200090627033,54.9835,68.64233333333333,40.9765,38.63301469238742,81.95299999999999,59.30433333333333,0.3813652348633302,0.24848496074892112,5.5,5.666666666666667,0.5,0.4714045207910317,1,2.3333333333333335,0.6890092384766586,0.605797499372304,2.6,2.4533333333333336,0.43999999999999995,0.41483597829610785,0.8799999999999999,0.42666666666666675,0.6787585090999517,0.6779471359178069,10.81325,9.572966666666666,3.7208500000000004,3.508051022370621,7.441700000000001,0.11643333333333317,0.6327169885429105,0.6930732128316253,3,3.3333333333333335,0.5882352941176471,6.666666666666667
RhN2,2,1.025,0.9166666666666666,0.32500000000000007,0.3064129385141706,0.6500000000000001,0.016666666666666607,0.6420013838572223,0.6929818821956966,58.456500000000005,43.64,44.44950000000001,41.90739049380193,88.899,24.964,0.36654034759639925,0.519179752287409,7.0,6.333333333333334,2.0,1.8856180831641267,4,0.33333333333333304,0.6517565611726531,0.6917614988524178,2.66,2.7866666666666666,0.3800000000000001,0.3582674358011842,0.7600000000000002,1.2666666666666666,0.6829081047004717,0.5859526183035508,10.996500000000001,12.1757,3.5376000000000003,3.3352812655007074,7.075200000000001,7.203099999999999,0.6404692801862505,0.5061724855039311,3,2.6666666666666665,0.42105263157894735,1.3333333333333333
Ag3N,2,1.0699999999999998,1.2550000000000001,0.37,0.3204293994002423,0.74,0.905,0.6321078744498925,0.403949679323381,60.9375,84.40275,46.930499999999995,40.643005212305596,93.86099999999999,77.39925,0.35669857815808814,0.1726464102316908,8.0,9.5,3.0,2.598076211353316,6,7.0,0.6210863745552451,0.3893772362904818,2.485,2.2075,0.555,0.4806440991003635,1.11,0.6875,0.667995201778451,0.6438341974983477,11.055150000000001,9.315675,3.47895,3.012859078495873,6.9579,2.048625,0.6427806945440502,0.6687678538098198,3,7.5,0.7894736842105263,0.0
CaN2,2,1.335,1.1233333333333333,0.635,0.5986837414046102,1.27,0.19,0.5753168175581564,0.6787741062375655,27.0425,22.697333333333333,13.0355,12.289987261542988,26.071000000000005,4.0213333333333345,0.5719886196409417,0.677369051548474,3.5,4.0,1.5,1.4142135623730951,3,2.6666666666666665,0.5982695885852573,0.4505612088663047,2.02,2.3600000000000003,1.02,0.9616652224137046,2.04,1.6933333333333331,0.5595994328465448,0.407213377826151,10.32365,11.727133333333335,4.21045,3.9696503291291987,8.4209,7.6516666666666655,0.6075040103128763,0.4618019067385508,2,0,0.0,0
V4N3,2,1.01,1.0542857142857143,0.31000000000000005,0.306820428769344,0.6200000000000001,0.45428571428571424,0.6452750205454816,0.5972020641024041,32.4745,35.11271428571429,18.4675,18.27808473644471,36.935,23.106714285714283,0.5213617863955611,0.45741101613471025,5.0,5.0,0.0,0.0,0,0.714285714285714,0.6931471805599453,0.6829081047004717,2.335,2.2342857142857144,0.7050000000000001,0.6977690396206049,1.4100000000000001,0.37142857142857144,0.6468480928744784,0.6792648844531028,10.64015,10.08387142857143,3.8939500000000002,3.854010995504474,7.7879000000000005,2.373928571428571,0.6245998677178319,0.6651744625112727,2,1.7142857142857142,0.34285714285714286,8.0
Ta4N3,2,1.065,1.117142857142857,0.365,0.3612563112929372,0.73,0.5171428571428571,0.6332102451900736,0.5818034815684404,97.4775,109.40185714285715,83.4705,82.6143696761017,166.941,97.39585714285714,0.2583914651230066,0.21261545853251287,5.0,5.0,0.0,0.0,0,0.714285714285714,0.6931471805599453,0.6829081047004717,2.27,2.16,0.77,0.762102355330306,1.54,0.4457142857142856,0.6344590585216789,0.671703461450141,11.04185,10.542957142857144,3.4922500000000003,3.456431104418521,6.984500000000001,1.9148428571428573,0.6422634703694173,0.6765618386789295,4,1.7142857142857142,0.13186813186813187,8.0
Ti3N4,2,1.075,1.0214285714285714,0.375,0.3711537444790451,0.75,0.22142857142857136,0.6310051928046935,0.6694621057555916,30.936999999999998,28.518428571428572,16.93,16.756354384080623,33.86,12.510428571428571,0.5348644030410621,0.5935761709461871,4.5,4.571428571428571,0.5,0.4948716593053935,1,1.1428571428571426,0.6869615765973234,0.6615632381579821,2.29,2.3971428571428572,0.75,0.7423074889580902,1.5,1.077142857142857,0.6385130225439005,0.5884862495351872,10.6811,11.231528571428573,3.853,3.8134810066073626,7.706,5.378871428571427,0.6265937843109279,0.5736271234704977,2,0.8571428571428571,0.1875,6.857142857142857
SrN2,2,1.4249999999999998,1.1833333333333333,0.725,0.6835365551469959,1.45,0.24999999999999994,0.5574651697742553,0.6706611269042888,50.813500000000005,38.544666666666664,36.8065,34.70150098899022,73.613,19.86866666666667,0.4010001657544725,0.5536760139151305,3.5,4.0,1.5,1.4142135623730951,3,2.6666666666666665,0.5982695885852573,0.4505612088663047,1.995,2.3433333333333337,1.045,0.9852354484532563,2.09,1.7099999999999997,0.5488743844849944,0.39603308962363654,10.1145,11.587700000000002,4.4196,4.166838840176087,8.839200000000002,7.791099999999999,0.5943846536625238,0.4459507889426718,3,0,0.0,0
Zn3N,2,1.0150000000000001,1.1725,0.31500000000000006,0.2727980021920982,0.6300000000000001,0.8225,0.6441857770863766,0.421412422428133,39.6935,52.53675,25.6865,22.245161534308984,51.373,45.533249999999995,0.4659513137217914,0.244894862550884,8.5,10.25,3.5,3.031088913245535,7,7.75,0.605797499372304,0.3707947167874672,2.3449999999999998,1.9974999999999998,0.6950000000000001,0.6018876556301849,1.3900000000000001,0.4774999999999998,0.6485613517701871,0.6642964730516401,11.96415,10.679175,2.5699500000000004,2.2256419864558183,5.139900000000001,3.412125,0.6698959798041495,0.6411971754681974,2,7.5,0.7317073170731707,0.0
ZrN2,2,1.15,1.0,0.45000000000000007,0.42426406871192857,0.9000000000000001,0.06666666666666671,0.6145033203107282,0.6909233093138181,52.615500000000004,39.746,38.60850000000001,36.400442881921094,77.217,21.07,0.39225090198508017,0.545179063526641,4.5,4.666666666666667,0.5,0.4714045207910317,1,1.9999999999999998,0.6869615765973234,0.5982695885852573,2.185,2.47,0.855,0.8061017305526641,1.71,1.583333333333333,0.6145033203107282,0.47061498118148126,10.584,11.9007,3.9501000000000004,3.7241899951533086,7.900200000000001,7.4780999999999995,0.6217885000156053,0.4800939001974358,3,0.6666666666666666,0.14285714285714288,5.333333333333333
Hf4N3,2,1.13,1.1914285714285713,0.43000000000000005,0.42558962700263847,0.8600000000000001,0.5914285714285714,0.6188880785891755,0.5643024535419706,96.2485,107.99728571428572,82.2415,81.39797513752904,164.483,95.99128571428571,0.2607325405075134,0.21464180535342656,4.5,4.428571428571429,0.5,0.4948716593053935,1,0.1428571428571428,0.6869615765973234,0.6926267989248349,2.17,2.045714285714286,0.87,0.8610766871913847,1.74,0.5599999999999998,0.610473336435158,0.6551970032698673,10.6796,10.128957142857143,3.8545000000000003,3.8149656215852787,7.7090000000000005,2.328842857142857,0.6265215720189637,0.6664777934326863,4,1.1428571428571428,0.09195402298850575,9.142857142857142
BaN2,2,1.435,1.19,0.735,0.6929646455628165,1.47,0.25666666666666665,0.5555365967291861,0.669703107035711,75.667,55.11366666666667,61.660000000000004,58.13360550395003,123.32,36.437666666666665,0.30841389003590725,0.45498389107363096,3.5,4.0,1.5,1.4142135623730951,3,2.6666666666666665,0.5982695885852573,0.4505612088663047,1.965,2.3233333333333337,1.075,1.013519719700718,2.15,1.7299999999999998,0.5349672247607323,0.3819719744024322,9.872900000000001,11.426633333333335,4.6612,4.394621504622314,9.3224,7.952166666666666,0.5771374871269765,0.4262205849246439,4,0,0.0,0
C11N4,2,0.735,0.7513333333333334,0.03500000000000003,0.030955164709983756,0.07000000000000006,0.378,0.6920129648318738,0.560622786215748,13.009,12.543266666666664,0.9980000000000002,0.8826644108732505,1.9960000000000004,5.072866666666665,0.6902016057811866,0.6089760674324087,4.5,4.266666666666667,0.5,0.4422166387140533,1,1.5999999999999999,0.6869615765973234,0.6210863745552451,2.795,2.6806666666666663,0.2450000000000001,0.21668615296988622,0.4900000000000002,1.059333333333333,0.689300411897693,0.6128944340296871,12.897200000000002,12.133313333333334,1.6368999999999998,1.4477288318220676,3.2737999999999996,4.381793333333334,0.6850711975671451,0.626440040960554,0,0,0.0,0
V2N,2,1.01,1.1133333333333333,0.31000000000000005,0.29227080289043966,0.6200000000000001,0.6466666666666667,0.6452750205454816,0.5134007828746567,32.4745,38.63033333333333,18.4675,17.411325975416755,36.935,29.29233333333333,0.5213617863955611,0.3686420706066489,5.0,5.0,0.0,0.0,0,1.6666666666666665,0.6931471805599453,0.6365141682948128,2.335,2.1,0.7050000000000001,0.6646803743153548,1.4100000000000001,0.07333333333333325,0.6468480928744784,0.6925373312061529,10.64015,9.342166666666667,3.8939500000000002,3.6712512674684756,7.7879000000000005,0.3472333333333335,0.6245998677178319,0.6924562766655757,2,2.0,0.4,9.333333333333334
Ta2N,2,1.065,1.1866666666666665,0.365,0.34412530017745313,0.73,0.72,0.6332102451900736,0.4956938633297468,97.4775,125.301,83.4705,78.69674210537562,166.941,115.96300000000001,0.2583914651230066,0.1591436990168999,5.0,5.0,0.0,0.0,0,1.6666666666666665,0.6931471805599453,0.6365141682948128,2.27,2.0133333333333336,0.77,0.7259629620181889,1.54,0.013333333333333197,0.6344590585216789,0.6931252515368816,11.04185,9.877766666666666,3.4922500000000003,3.292524875464961,6.984500000000001,0.18836666666666702,0.6422634703694173,0.6929653416125279,4,2.0,0.13953488372093023,9.333333333333334
Cr2N,2,0.975,1.0666666666666667,0.275,0.25927248643506745,0.55,0.6,0.652825793916348,0.525321319515595,33.0015,39.333,18.994500000000002,17.908186340330506,37.989000000000004,29.995,0.5168800765921491,0.36433561767237105,5.5,5.666666666666667,0.5,0.4714045207910317,1,2.3333333333333335,0.6890092384766586,0.605797499372304,2.35,2.12,0.6900000000000001,0.6505382386916237,1.3800000000000001,0.09333333333333327,0.6493999413111733,0.6921777600260253,10.6503,9.3557,3.8838000000000004,3.6616817556964176,7.767600000000001,0.33370000000000033,0.6250984676884863,0.692510939099874,2,3.3333333333333335,0.5882352941176471,6.666666666666667
Nb2N,2,1.065,1.1866666666666665,0.365,0.34412530017745313,0.73,0.72,0.6332102451900736,0.4956938633297468,53.456500000000005,66.60633333333334,39.44950000000001,37.19334528589161,78.899,57.26833333333334,0.3883079771371024,0.2538935038663703,5.0,5.0,0.0,0.0,0,1.6666666666666665,0.6931471805599453,0.6365141682948128,2.3200000000000003,2.08,0.72,0.6788225099390857,1.44,0.053333333333333455,0.6441857770863766,0.6928184134311288,10.6465,9.350633333333334,3.8876000000000004,3.66526443005443,7.775200000000001,0.33876666666666644,0.6249121400208648,0.6924907567322991,3,2.6666666666666665,0.5333333333333333,8.0
Hf3N2,2,1.13,1.216,0.43000000000000005,0.42131223575870663,0.8600000000000001,0.6559999999999999,0.6188880785891755,0.5395941226655728,96.2485,112.69680000000001,82.2415,80.5798842724411,164.483,101.4912,0.2607325405075134,0.19767727915906053,4.5,4.4,0.5,0.48989794855663565,1,0.3999999999999999,0.6869615765973234,0.6890092384766586,2.17,1.996,0.87,0.8524224304885459,1.74,0.43600000000000017,0.610473336435158,0.6690964060773261,10.6796,9.9087,3.8545000000000003,3.776623285423104,7.7090000000000005,1.7185800000000002,0.6265215720189637,0.6780298672762448,4,1.2,0.09374999999999999,9.6
Pb3N4,2,1.225,1.15,0.525,0.5196152422706632,1.05,0.35000000000000003,0.5982695885852574,0.6460905050608089,110.6035,96.80399999999999,96.59649999999999,95.60574047618688,193.19299999999998,80.79599999999999,0.2360086494114288,0.2852726550338563,4.5,4.571428571428571,0.5,0.4948716593053935,1,1.1428571428571426,0.6869615765973234,0.6615632381579821,2.685,2.7357142857142858,0.355,0.35135887810682936,0.71,0.7385714285714285,0.6843809978453645,0.6562480990804456,10.9754,11.483785714285716,3.5587000000000004,3.5221995479402084,7.117400000000001,5.126614285714285,0.6396181570754007,0.58989503188924,4,4.285714285714286,0.28846153846153844,0.0
W7N6,2,1.0350000000000001,1.0607692307692307,0.3350000000000001,0.33400740522563593,0.6700000000000002,0.41461538461538466,0.6398103208890008,0.6146856547695664,98.9235,105.45553846153848,84.9165,84.66489500251555,169.833,92.526,0.25569601419700555,0.23053855614197197,5.5,5.538461538461538,0.5,0.4985185152621431,1,0.9230769230769229,0.6890092384766586,0.6791932659915256,2.7,2.6738461538461538,0.3400000000000001,0.33899259037825735,0.6800000000000002,0.13230769230769246,0.6851974224962176,0.6919224382326341,11.19905,10.942507692307693,3.3350500000000003,3.325168348650021,6.670100000000001,2.473584615384616,0.6481256669728126,0.6673750707940885,4,2.1538461538461537,0.16470588235294117,6.461538461538462
Sc39N34,2,1.155,1.1861643835616438,0.45500000000000007,0.4539314719175382,0.9100000000000001,0.5341095890410961,0.613410049457059,0.5880315847981382,29.4815,30.541397260273975,15.474500000000003,15.438159477336145,30.949000000000005,17.49378082191781,0.5482460820389807,0.518694578720081,4.0,3.9315068493150687,1.0,0.997651586631952,2,0.7260273972602738,0.6615632381579821,0.6759976001851195,2.2,2.1424657534246574,0.84,0.8380273327708396,1.68,0.6893150684931506,0.6183713503495922,0.640457014790925,10.5478,10.274765753424656,3.9863000000000004,3.976938519790951,7.972600000000001,3.2638479452054794,0.6199274184040406,0.6418095771065688,2,0.5342465753424658,0.13588850174216027,9.616438356164384
W2N,2,1.0350000000000001,1.1466666666666667,0.3350000000000001,0.3158410289299913,0.6700000000000002,0.68,0.6398103208890008,0.5052004710542519,98.9235,127.229,84.9165,80.06004397950328,169.833,117.891,0.25569601419700555,0.15730305842632547,5.5,5.666666666666667,0.5,0.4714045207910317,1,2.3333333333333335,0.6890092384766586,0.605797499372304,2.7,2.586666666666667,0.3400000000000001,0.32055507413790163,0.6800000000000002,0.56,0.6851974224962176,0.6695255840699796,11.19905,10.087366666666668,3.3350500000000003,3.1443152941282606,6.670100000000001,0.397966666666667,0.6481256669728126,0.6923687488829969,4,2.6666666666666665,0.17777777777777776,8.0
ZrN,2,1.15,1.15,0.45000000000000007,0.45000000000000007,0.9000000000000001,0.45000000000000007,0.6145033203107282,0.6145033203107282,52.615500000000004,52.615500000000004,38.60850000000001,38.60850000000001,77.217,38.6085,0.39225090198508017,0.39225090198508017,4.5,4.5,0.5,0.5,1,0.5,0.6869615765973234,0.6869615765973234,2.185,2.185,0.855,0.855,1.71,0.855,0.6145033203107282,0.6145033203107282,10.584,10.584,3.9501000000000004,3.9501000000000004,7.900200000000001,3.9501000000000004,0.6217885000156053,0.6217885000156053,3,1.0,0.2222222222222222,8.0
V2N3,2,1.01,0.948,0.31000000000000005,0.30373672810511415,0.6200000000000001,0.10800000000000004,0.6452750205454816,0.6866437253210345,32.4745,28.781,18.4675,18.094380729939335,36.935,11.972600000000003,0.5213617863955611,0.6039373047893735,5.0,5.0,0.0,0.0,0,1.0,0.6931471805599453,0.6730116670092565,2.335,2.476,0.7050000000000001,0.6907561074648563,1.4100000000000001,1.1719999999999997,0.6468480928744784,0.5765091436538008,10.64015,11.41894,3.8939500000000002,3.815276233564223,7.7879000000000005,6.021979999999999,0.6245998677178319,0.5467963041476958,2,1.2,0.24,5.6
Cu10N3,2,0.99,1.146153846153846,0.29000000000000004,0.24436852565615108,0.5800000000000001,0.8230769230769232,0.649607734102787,0.4066654671944331,38.7765,52.11392307692308,24.7695,20.872021366344942,49.539,45.649153846153844,0.47232017631379236,0.23250437108397476,8.0,9.615384615384615,3.0,2.527950265408459,6,7.3076923076923075,0.6210863745552451,0.36692499127270967,2.4699999999999998,2.163076923076923,0.5700000000000001,0.4803105504276073,1.1400000000000001,0.7599999999999999,0.666278442414676,0.6300861445587914,11.13025,9.297407692307692,3.4038500000000003,2.868254503636861,6.8077000000000005,2.5893615384615383,0.6456266864765006,0.6538474669795398,2,7.6923076923076925,0.8,0.0
Th2N3,2,1.25,1.14,0.55,0.5388877434122993,1.1,0.3000000000000001,0.5929533174474745,0.6581099875431143,123.02250000000001,101.21940000000001,109.0155,106.81293962175182,218.031,84.411,0.21843148509356128,0.28610690846113457,4.5,4.6,0.5,0.48989794855663565,1,1.4,0.6869615765973234,0.646090505060809,2.17,2.3440000000000003,0.87,0.8524224304885459,1.74,1.3039999999999998,0.610473336435158,0.529230711594443,10.4204,11.24314,4.113700000000001,4.030586381954864,8.2274,6.197779999999999,0.613062181351,0.5323897943097826,5,0.8,0.1739130434782609,6.4
Ta3N,2,1.065,1.2475,0.365,0.31609927238132013,0.73,0.8975,0.6332102451900736,0.4054724581491651,97.4775,139.21275,83.4705,72.28757346658898,166.941,132.20925000000003,0.2583914651230066,0.1174703547318349,5.0,5.0,0.0,0.0,0,2.5,0.6931471805599453,0.5623351446188083,2.27,1.885,0.77,0.6668395609140177,1.54,0.365,0.6344590585216789,0.6742811830325504,11.04185,9.295725000000001,3.4922500000000003,3.024377216366206,6.984500000000001,2.0286750000000002,0.6422634703694173,0.669140667707966,4,2.25,0.14516129032258066,10.5
Zr3N2,2,1.15,1.2400000000000002,0.45000000000000007,0.44090815370097214,0.9000000000000001,0.6799999999999999,0.6145033203107282,0.5341593666871498,52.615500000000004,60.33720000000001,38.60850000000001,37.82844989369774,77.217,49.1316,0.39225090198508017,0.30910110605171176,4.5,4.4,0.5,0.48989794855663565,1,0.3999999999999999,0.6869615765973234,0.6890092384766586,2.185,2.0140000000000002,0.855,0.8377254920318469,1.71,0.41800000000000015,0.6145033203107282,0.6714519120090439,10.584,9.79398,3.9501000000000004,3.8702917731871334,7.900200000000001,1.8333000000000008,0.6217885000156053,0.6755240327126493,3,1.2,0.2727272727272727,9.6
Ti3N2,2,1.075,1.15,0.375,0.3674234614174767,0.75,0.5900000000000001,0.6310051928046935,0.5550561926427762,30.936999999999998,34.323,16.93,16.587944538127683,33.86,23.117399999999996,0.5348644030410621,0.4449995762283726,4.5,4.4,0.5,0.48989794855663565,1,0.3999999999999999,0.6869615765973234,0.6890092384766586,2.29,2.14,0.75,0.7348469228349535,1.5,0.29200000000000026,0.6385130225439005,0.6838089667875473,10.6811,9.9105,3.853,3.7751535915774346,7.706,1.7167800000000009,0.6265937843109279,0.6780671864228933,2,1.2,0.2727272727272727,9.6
Pd3N,2,1.04,1.21,0.33999999999999997,0.2944486372867091,0.6799999999999999,0.8599999999999999,0.638712716743869,0.413276683354782,60.2135,83.31675,46.2065,40.016002819965664,92.413,76.31325,0.35951015779662954,0.17434079897559362,7.5,8.75,2.5,2.165063509461097,5,6.25,0.6365141682948128,0.410116318288409,2.62,2.41,0.41999999999999993,0.3637306695894642,0.8399999999999999,0.8900000000000001,0.6802426739679679,0.6233166967464352,11.435500000000001,9.8862,3.0986000000000002,2.6834663161664616,6.1972000000000005,2.61915,0.6559736870150619,0.6576307472225277,2,7.5,0.8571428571428571,0.0
Cr3N4,2,0.975,0.9357142857142857,0.275,0.2721794126179664,0.55,0.13571428571428573,0.652825793916348,0.682591955289765,33.0015,30.287999999999997,18.994500000000002,18.799679465352597,37.989000000000004,14.28,0.5168800765921491,0.5774688955875318,5.5,5.428571428571429,0.5,0.4948716593053935,1,0.2857142857142856,0.6890092384766586,0.6917614988524178,2.35,2.4485714285714284,0.6900000000000001,0.6829228898414431,1.3800000000000001,1.0257142857142858,0.6493999413111733,0.602642003247556,10.6503,11.205128571428572,3.8838000000000004,3.843965100820575,7.767600000000001,5.405271428571428,0.6250984676884863,0.5718018868797161,2,2.142857142857143,0.3947368421052631,4.285714285714286
Mn3N4,2,0.97,0.9314285714285713,0.27,0.2672306960249125,0.54,0.1314285714285714,0.6538912462876595,0.6831586682502719,34.472500000000004,31.548857142857145,20.465500000000002,20.255591887029063,40.931000000000004,15.540857142857144,0.5047546831684773,0.5663655015038549,6.0,5.857142857142858,1.0,0.989743318610787,2,0.14285714285714324,0.6791932659915256,0.6928497090635346,2.295,2.4014285714285712,0.7450000000000001,0.7373587723650362,1.49,1.072857142857143,0.6394917909974196,0.589733650582992,10.98405,11.491200000000001,3.55005,3.5136382682342244,7.1001,5.119199999999999,0.6399683448662712,0.5903426570537635,2,2.142857142857143,0.36585365853658536,4.285714285714286
Ni3N,2,0.975,1.1125,0.275,0.23815698604072066,0.55,0.7625,0.652825793916348,0.4351710761384668,36.35,47.5215,22.343,19.349605596755712,44.686,40.518,0.4900692652809681,0.26307508383314226,7.5,8.75,2.5,2.165063509461097,5,6.25,0.6365141682948128,0.410116318288409,2.475,2.1925,0.5650000000000001,0.4893043531382079,1.1300000000000001,0.6724999999999999,0.6668594878527354,0.6453394474405558,11.08695,9.363375,3.44715,2.985319470655528,6.8943,2.0963249999999998,0.6440011360396287,0.66787110686536,2,6.0,0.6857142857142857,3.0
Na3N,2,1.31,1.615,0.61,0.5282754963085076,1.22,1.265,0.5804293191321306,0.3430708977388116,18.4985,20.74425,4.491499999999999,3.8897531010978055,8.982999999999999,13.74075,0.6633737376450692,0.45398761572234314,3.0,2.0,2.0,1.7320508075688772,4,0.5,0.45056120886630463,0.6615632381579821,1.985,1.4575,1.0550000000000002,0.9136568009925827,2.11,0.0625,0.5443690915417391,0.6922274807661829,9.8366,7.48785,4.697500000000001,4.068154334277401,9.395,0.2208000000000001,0.5743326592426533,0.6927123532360351,1,0,0.0,0
Sr2N,2,1.4249999999999998,1.6666666666666667,0.725,0.6835365551469959,1.45,1.1999999999999997,0.5574651697742553,0.40496348506393853,50.813500000000005,63.08233333333333,36.8065,34.70150098899022,73.613,53.74433333333334,0.4010001657544725,0.26390126319553664,3.5,3.0,1.5,1.4142135623730951,3,0.33333333333333326,0.5982695885852573,0.6869615765973234,1.995,1.6466666666666667,1.045,0.9852354484532563,2.09,0.3799999999999999,0.5488743844849944,0.666278442414676,10.1145,8.641300000000001,4.4196,4.166838840176087,8.839200000000002,1.0480999999999998,0.5943846536625238,0.6857734526542406,3,0,0.0,0
Ba2N,2,1.435,1.68,0.735,0.6929646455628165,1.47,1.2133333333333332,0.5555365967291861,0.4029413578669424,75.667,96.22033333333333,61.660000000000004,58.13360550395002,123.32,86.88233333333334,0.30841389003590725,0.19414624261443658,3.5,3.0,1.5,1.4142135623730951,3,0.33333333333333326,0.5982695885852573,0.6869615765973234,1.965,1.606666666666667,1.075,1.0135197197007182,2.15,0.41999999999999993,0.5349672247607323,0.6585791904417154,9.872900000000001,8.319166666666668,4.6612,4.394621504622314,9.3224,1.3702333333333327,0.5771374871269765,0.679520811316462,4,0,0.0,0
Tc4N3,2,1.03,1.0771428571428572,0.33000000000000007,0.3266152951415598,0.6600000000000001,0.47714285714285715,0.6409065988693956,0.5915449253815619,56.0035,62.003,41.996500000000005,41.56575528003792,83.993,49.997,0.3768765578986109,0.31803438258972766,6.0,6.142857142857142,1.0,0.989743318610787,2,1.8571428571428572,0.6791932659915256,0.6467238528694028,2.4699999999999998,2.388571428571429,0.5700000000000001,0.5641536916081487,1.1400000000000001,0.21714285714285708,0.666278442414676,0.6890092384766586,10.90705,10.3889,3.62705,3.589848503767255,7.2541,2.0688999999999993,0.6367881417512439,0.6731845738897662,3,2.857142857142857,0.46511627906976744,5.714285714285714
Ca2N,2,1.335,1.5466666666666666,0.635,0.5986837414046102,1.27,1.0799999999999998,0.5753168175581564,0.4242015237632358,27.0425,31.387666666666668,13.0355,12.28998726154299,26.071000000000005,22.049666666666667,0.5719886196409417,0.4205393958344721,3.5,3.0,1.5,1.4142135623730951,3,0.33333333333333326,0.5982695885852573,0.6869615765973234,2.02,1.6800000000000002,1.02,0.9616652224137046,2.04,0.34666666666666657,0.5595994328465448,0.671703461450141,10.32365,8.920166666666667,4.21045,3.9696503291291987,8.4209,0.7692333333333332,0.6075040103128763,0.6894242939974335,2,0,0.0,0
HgN,2,1.15,1.15,0.45000000000000007,0.45000000000000007,0.9000000000000001,0.45000000000000007,0.6145033203107282,0.6145033203107282,107.2985,107.2985,93.2915,93.2915,186.583,93.2915,0.24123151365887935,0.24123151365887935,8.5,8.5,3.5,3.5,7,3.5,0.605797499372304,0.605797499372304,2.52,2.52,0.52,0.52,1.04,0.52,0.671703461450141,0.671703461450141,12.485800000000001,12.485800000000001,2.0483000000000002,2.0483000000000002,4.0966000000000005,2.0483000000000002,0.679629903800202,0.679629903800202,4,5.0,0.3225806451612903,0.0
TlN,2,1.2,1.2,0.5,0.5,1.0,0.5,0.6036372515003262,0.6036372515003262,109.19500000000001,109.19500000000001,95.188,95.188,190.376,95.188,0.23820353328133126,0.23820353328133126,4.0,4.0,1.0,1.0,2,1.0,0.6615632381579821,0.6615632381579821,2.33,2.33,0.71,0.71,1.42,0.71,0.6459731286854364,0.6459731286854364,10.32115,10.32115,4.21295,4.21295,8.4259,4.21295,0.6073562752848152,0.6073562752848152,4,5.0,0.3125,0.0
NbN,2,1.065,1.065,0.365,0.365,0.73,0.365,0.6332102451900736,0.6332102451900736,53.456500000000005,53.456500000000005,39.44950000000001,39.44950000000001,78.899,39.4495,0.3883079771371024,0.3883079771371024,5.0,5.0,0.0,0.0,0,0.0,0.6931471805599453,0.6931471805599453,2.3200000000000003,2.3200000000000003,0.72,0.72,1.44,0.72,0.6441857770863766,0.6441857770863766,10.6465,10.6465,3.8876000000000004,3.8876000000000004,7.775200000000001,3.8876000000000004,0.6249121400208648,0.6249121400208648,3,2.0,0.4,6.0
InN,2,1.165,1.165,0.46499999999999997,0.46499999999999997,0.9299999999999999,0.46499999999999997,0.6112275107547247,0.6112275107547247,64.4125,64.4125,50.4055,50.4055,100.81099999999999,50.405499999999996,0.3438495072671359,0.3438495072671359,4.0,4.0,1.0,1.0,2,1.0,0.6615632381579821,0.6615632381579821,2.41,2.41,0.63,0.63,1.26,0.63,0.6585791904417153,0.6585791904417153,10.160250000000001,10.160250000000001,4.37385,4.37385,8.7477,4.37385,0.5973899805553311,0.5973899805553311,3,5.0,0.5555555555555556,0.0
WN,2,1.0350000000000001,1.0350000000000001,0.3350000000000001,0.3350000000000001,0.6700000000000002,0.3350000000000001,0.6398103208890008,0.6398103208890008,98.9235,98.9235,84.9165,84.9165,169.833,84.9165,0.25569601419700555,0.25569601419700555,5.5,5.5,0.5,0.5,1,0.5,0.6890092384766586,0.6890092384766586,2.7,2.7,0.3400000000000001,0.3400000000000001,0.6800000000000002,0.3400000000000001,0.6851974224962176,0.6851974224962176,11.19905,11.19905,3.3350500000000003,3.3350500000000003,6.670100000000001,3.3350500000000003,0.6481256669728126,0.6481256669728126,4,2.0,0.16,6.0
PbN,2,1.225,1.225,0.525,0.525,1.05,0.525,0.5982695885852574,0.5982695885852574,110.6035,110.6035,96.59649999999999,96.59649999999999,193.19299999999998,96.59649999999999,0.2360086494114288,0.2360086494114288,4.5,4.5,0.5,0.5,1,0.5,0.6869615765973234,0.6869615765973234,2.685,2.685,0.355,0.355,0.71,0.355,0.6843809978453645,0.6843809978453645,10.9754,10.9754,3.5587000000000004,3.5587000000000004,7.117400000000001,3.5587000000000004,0.6396181570754007,0.6396181570754007,4,5.0,0.30303030303030304,0.0
ZnN,2,1.0150000000000001,1.0150000000000001,0.31500000000000006,0.31500000000000006,0.6300000000000001,0.31500000000000006,0.6441857770863766,0.6441857770863766,39.6935,39.6935,25.6865,25.6865,51.373,25.6865,0.4659513137217914,0.4659513137217914,8.5,8.5,3.5,3.5,7,3.5,0.605797499372304,0.605797499372304,2.3449999999999998,2.3449999999999998,0.6950000000000001,0.6950000000000001,1.3900000000000001,0.6950000000000001,0.6485613517701871,0.6485613517701871,11.96415,11.96415,2.5699500000000004,2.5699500000000004,5.139900000000001,2.5699500000000004,0.6698959798041495,0.6698959798041495,2,5.0,0.5882352941176471,0.0
NO,2,0.6799999999999999,0.6799999999999999,0.019999999999999962,0.019999999999999962,0.039999999999999925,0.019999999999999962,0.6927145922272342,0.6927145922272342,15.003,15.003,0.9960000000000004,0.9960000000000004,1.9920000000000009,0.9960000000000004,0.6909419606118907,0.6909419606118907,5.5,5.5,0.5,0.5,1,0.5,0.6890092384766586,0.6890092384766586,3.24,3.24,0.19999999999999996,0.19999999999999996,0.3999999999999999,0.19999999999999996,0.6912407714079223,0.6912407714079223,14.0761,14.0761,0.4580000000000002,0.4580000000000002,0.9160000000000004,0.4580000000000002,0.6926177452176572,0.6926177452176572,0,0,0.0,0
Nb5N6,2,1.065,1.0318181818181817,0.365,0.3634886063443375,0.73,0.26818181818181813,0.6332102451900736,0.6589791221950366,53.456500000000005,49.87018181818182,39.44950000000001,39.28614733145464,78.899,34.58981818181819,0.3883079771371024,0.428222285501808,5.0,5.0,0.0,0.0,0,0.4545454545454546,0.6931471805599453,0.6890092384766586,2.3200000000000003,2.3854545454545457,0.72,0.7170186207340357,1.44,0.9309090909090907,0.6441857770863766,0.6149409803340777,10.6465,10.999918181818181,3.8876000000000004,3.871502208285607,7.775200000000001,4.855463636363636,0.6249121400208648,0.5922866802712258,3,1.8181818181818181,0.36363636363636365,5.454545454545454
Ta5N6,2,1.065,1.0318181818181817,0.365,0.3634886063443375,0.73,0.26818181818181813,0.6332102451900736,0.6589791221950366,97.4775,89.88927272727273,83.4705,83.12486497497267,166.941,74.6089090909091,0.2583914651230066,0.2908036598737319,5.0,5.0,0.0,0.0,0,0.4545454545454546,0.6931471805599453,0.6890092384766586,2.27,2.3400000000000003,0.77,0.7668115805072326,1.54,0.9763636363636362,0.6344590585216789,0.6033785077618654,11.04185,11.359327272727272,3.4922500000000003,3.477789275358939,6.984500000000001,4.496054545454545,0.6422634703694173,0.612631932214823,4,1.3636363636363635,0.12,6.363636363636363
K3N,2,1.4849999999999999,1.8775000000000002,0.785,0.6798299419707844,1.57,1.5275,0.5460610246217786,0.30990019579706013,26.5525,32.82525,12.5455,10.864721703177675,25.091,25.821749999999998,0.5769536197871037,0.33951419200940214,3.0,2.0,2.0,1.7320508075688772,4,0.5,0.45056120886630463,0.6615632381579821,1.93,1.375,1.11,0.961288198200727,2.22,0.14500000000000002,0.5171653500265921,0.6875764981049663,9.4374,6.88905,5.0967,4.413871675468148,10.1934,0.3780000000000001,0.5392440748322835,0.6916410831596522,2,0,0.0,0
RhN,2,1.025,1.025,0.32500000000000007,0.32500000000000007,0.6500000000000001,0.32500000000000007,0.6420013838572223,0.6420013838572223,58.456500000000005,58.456500000000005,44.44950000000001,44.44950000000001,88.899,44.4495,0.36654034759639925,0.36654034759639925,7.0,7.0,2.0,2.0,4,2.0,0.6517565611726531,0.6517565611726531,2.66,2.66,0.3800000000000001,0.3800000000000001,0.7600000000000002,0.3800000000000001,0.6829081047004717,0.6829081047004717,10.996500000000001,10.996500000000001,3.5376000000000003,3.5376000000000003,7.075200000000001,3.5376000000000003,0.6404692801862505,0.6404692801862505,3,4.0,0.5714285714285714,2.0
AgN,2,1.0699999999999998,1.0699999999999998,0.37,0.37,0.74,0.37,0.6321078744498925,0.6321078744498925,60.9375,60.9375,46.930499999999995,46.930499999999995,93.86099999999999,46.930499999999995,0.35669857815808814,0.35669857815808814,8.0,8.0,3.0,3.0,6,3.0,0.6210863745552451,0.6210863745552451,2.485,2.485,0.555,0.555,1.11,0.555,0.667995201778451,0.667995201778451,11.055150000000001,11.055150000000001,3.47895,3.47895,6.9579,3.47895,0.6427806945440502,0.6427806945440502,3,5.0,0.625,0.0
RuN,2,1.0150000000000001,1.0150000000000001,0.31500000000000006,0.31500000000000006,0.6300000000000001,0.31500000000000006,0.6441857770863766,0.6441857770863766,57.5385,57.5385,43.531499999999994,43.531499999999994,87.06299999999999,43.531499999999994,0.37033505959981616,0.37033505959981616,6.5,6.5,1.5,1.5,3,1.5,0.666278442414676,0.666278442414676,2.62,2.62,0.41999999999999993,0.41999999999999993,0.8399999999999999,0.41999999999999993,0.6802426739679679,0.6802426739679679,10.9473,10.9473,3.5868,3.5868,7.1736,3.5868,0.6384682926990184,0.6384682926990184,3,3.5,0.5384615384615384,3.0
Tc3N,2,1.03,1.195,0.33000000000000007,0.2857883832488648,0.6600000000000001,0.845,0.6409065988693956,0.4164900753777465,56.0035,77.00175,41.996500000000005,36.37003587003318,83.993,69.99825,0.3768765578986109,0.18497344076818018,6.0,6.5,1.0,0.8660254037844386,2,4.0,0.6791932659915256,0.4895518936229288,2.4699999999999998,2.1849999999999996,0.5700000000000001,0.4936344801571301,1.1400000000000001,0.6649999999999998,0.666278442414676,0.646090505060809,10.90705,9.093525,3.62705,3.1411174407963482,7.2541,1.8264749999999998,0.6367881417512439,0.6728380610396316,3,3.75,0.5769230769230769,7.5
PtN2,2,1.04,0.9266666666666665,0.33999999999999997,0.3205550741379015,0.6799999999999999,0.006666666666666654,0.638712716743869,0.6931213017589937,104.5455,74.366,90.5385,85.36051641127764,181.077,55.68999999999999,0.2457824064522851,0.37787422917131847,7.5,6.666666666666667,2.5,2.3570226039551585,5,0.0,0.6365141682948128,0.6931471805599453,2.66,2.7866666666666666,0.3800000000000001,0.3582674358011842,0.7600000000000002,1.2666666666666666,0.6829081047004717,0.5859526183035508,11.746400000000001,12.675633333333334,2.7877,2.6282687652183183,5.5754,6.703166666666666,0.6647153987236891,0.5459412982179158,4,3.0,0.2647058823529412,0.6666666666666666
HfN2,2,1.13,0.9866666666666666,0.43000000000000005,0.4054078878802873,0.8600000000000001,0.0533333333333334,0.6188880785891755,0.6916855479178766,96.2485,68.83466666666666,82.2415,77.53802979327126,164.483,50.15866666666667,0.2607325405075134,0.3970032350072125,4.5,4.666666666666667,0.5,0.4714045207910317,1,1.9999999999999998,0.6869615765973234,0.5982695885852573,2.17,2.46,0.87,0.8202438661763952,1.74,1.593333333333333,0.610473336435158,0.46550777203318905,10.6796,11.964433333333334,3.8545000000000003,3.634057450778063,7.7090000000000005,7.414366666666666,0.6265215720189637,0.4864399492278322,4,0.6666666666666666,0.07142857142857144,5.333333333333333
Re3N,2,1.0350000000000001,1.2025000000000001,0.3350000000000001,0.290118510267787,0.6700000000000002,0.8525,0.6398103208890008,0.4148766711423359,100.107,143.15699999999998,86.1,74.56478726584017,172.2,136.1535,0.25353583612891584,0.11492584339679959,6.0,6.5,1.0,0.8660254037844386,2,4.0,0.6791932659915256,0.4895518936229288,2.4699999999999998,2.1849999999999996,0.5700000000000001,0.4936344801571301,1.1400000000000001,0.6649999999999998,0.666278442414676,0.646090505060809,11.1838,9.50865,3.3503000000000003,2.901444910299005,6.7006000000000006,2.2415999999999996,0.6475804865742896,0.6650964633351498,4,3.75,0.22058823529411764,7.5
RhN3,2,1.025,0.8624999999999999,0.32500000000000007,0.28145825622994264,0.6500000000000001,0.1874999999999999,0.6420013838572223,0.6693279632926457,58.456500000000005,36.231750000000005,44.44950000000001,38.49439618551641,88.899,15.221250000000001,0.36654034759639925,0.6021033004112788,7.0,6.0,2.0,1.7320508075688772,4,1.5,0.6517565611726531,0.6615632381579821,2.66,2.85,0.3800000000000001,0.32908965343808677,0.7600000000000002,1.7100000000000004,0.6829081047004717,0.5004024235381879,10.996500000000001,12.7653,3.5376000000000003,3.0636514684278304,7.075200000000001,9.03585,0.6404692801862505,0.41584460011124524,3,2.0,0.3333333333333333,1.0
IrN3,2,1.03,0.865,0.33000000000000007,0.2857883832488648,0.6600000000000001,0.1849999999999999,0.6409065988693956,0.6700987579745696,103.11200000000001,58.5595,89.105,77.16719360421241,178.21,37.54900000000001,0.24822847245047258,0.4704740376319173,7.0,6.0,2.0,1.7320508075688772,4,1.5,0.6517565611726531,0.6615632381579821,2.62,2.83,0.41999999999999993,0.3637306695894642,0.8399999999999999,1.7300000000000002,0.6802426739679679,0.49246411110826094,11.75055,13.142325,2.78355,2.410625012704174,5.5671,8.658825,0.6648210216989727,0.45679652701810625,4,1.75,0.18421052631578946,1.5
CoN3,2,0.975,0.8374999999999999,0.275,0.23815698604072066,0.55,0.2124999999999999,0.652825793916348,0.6606027747699738,36.47,25.238500000000002,22.463,19.453528645209847,44.926,4.228,0.4891596695578527,0.6790490185286666,7.0,6.0,2.0,1.7320508075688772,4,1.5,0.6517565611726531,0.6615632381579821,2.46,2.75,0.5800000000000001,0.5022947341949745,1.1600000000000001,1.8100000000000003,0.6650894680379954,0.45732476791389753,11.207550000000001,12.870825,3.32655,2.8808768069591246,6.6531,8.930325,0.6484274066300207,0.4280125529119018,2,1.75,0.2916666666666667,1.5
AuN2,2,1.0699999999999998,0.9466666666666665,0.37,0.34883934538536343,0.74,0.013333333333333364,0.6321078744498925,0.6930479906110416,105.48700000000001,74.99366666666667,91.48,86.24817112392716,182.96,56.31766666666666,0.2442047365356051,0.37582957290030417,8.0,7.0,3.0,2.8284271247461903,6,0.3333333333333335,0.6210863745552451,0.6920129648318738,2.79,2.8733333333333335,0.25,0.23570226039551584,0.5,1.1799999999999997,0.6891271970583724,0.6062747230324427,11.8798,12.764566666666667,2.6543,2.5024980390712708,5.3086,6.614233333333333,0.6679748325227812,0.5521315355356783,4,3.3333333333333335,0.2857142857142857,0.0
IrN2,2,1.03,0.9199999999999999,0.33000000000000007,0.311126983722081,0.6600000000000001,0.013333333333333253,0.6409065988693956,0.6930421569294483,103.11200000000001,73.41033333333333,89.105,84.00899965016976,178.21,54.73433333333333,0.24822847245047258,0.3810345420914489,7.0,6.333333333333334,2.0,1.8856180831641267,4,0.33333333333333304,0.6517565611726531,0.6917614988524178,2.62,2.7600000000000002,0.41999999999999993,0.39597979746446654,0.8399999999999999,1.293333333333333,0.6802426739679679,0.5789353905773502,11.75055,12.678400000000002,2.78355,2.6243561076957524,5.5671,6.700399999999999,0.6648210216989727,0.5461375585058558,4,2.3333333333333335,0.21212121212121213,2.0
Cd3N2,2,1.095,1.174,0.395,0.3870193793597422,0.79,0.6140000000000001,0.6265938004588363,0.5493457210928872,63.209,73.0494,49.202000000000005,48.207917729767175,98.404,61.8438,0.34818278345734,0.2706316663276294,8.5,9.2,3.5,3.4292856398964493,7,5.199999999999999,0.605797499372304,0.5235863374812598,2.365,2.23,0.675,0.6613622305514582,1.35,0.20200000000000018,0.6518452742223964,0.6890389152339865,11.763950000000001,11.20992,2.77015,2.7141816043883282,5.5403,0.4173600000000004,0.6651601831577978,0.6924539351484781,3,6.0,0.6521739130434783,0.0
Zn3N2,2,1.0150000000000001,1.078,0.31500000000000006,0.3086357075906805,0.6300000000000001,0.518,0.6441857770863766,0.5727850616244737,39.6935,44.830799999999996,25.6865,25.167527311200043,51.373,33.62519999999999,0.4659513137217914,0.3767245828129284,8.5,9.2,3.5,3.4292856398964493,7,5.199999999999999,0.605797499372304,0.5235863374812598,2.3449999999999998,2.206,0.6950000000000001,0.6809581484937236,1.3900000000000001,0.2260000000000003,0.6485613517701871,0.6878901790840272,11.96415,11.45016,2.5699500000000004,2.5180264657862517,5.139900000000001,0.1771200000000004,0.6698959798041495,0.6930275342188883,2,6.0,0.6521739130434783,0.0
H4N,2,0.615,0.5640000000000001,0.08499999999999996,0.06799999999999998,0.16999999999999993,0.28400000000000003,0.6835653443015428,0.560378854009313,7.5075,3.6078,6.499499999999999,5.1996,12.998999999999999,1.995,0.2461586138138681,0.5313218066698723,3.0,1.8,2.0,1.6,4,0.19999999999999996,0.45056120886630463,0.6869615765973233,2.62,2.3680000000000003,0.41999999999999993,0.33599999999999997,0.8399999999999999,1.1520000000000001,0.6802426739679679,0.5696371770967608,14.06625,13.78554,0.4678500000000003,0.3742800000000003,0.9357000000000006,7.9719000000000015,0.6925939493021758,0.5150939787916837,1,0,0.0,0
IN3,2,0.99,0.845,0.29000000000000004,0.25114736709748725,0.5800000000000001,0.2049999999999999,0.649607734102787,0.6634232468665117,70.4555,42.23125,56.448499999999996,48.885835005525884,112.89699999999999,21.22075,0.32376962004003673,0.5609636375390995,6.0,5.5,1.0,0.8660254037844386,2,2.0,0.6791932659915256,0.625491359725573,2.85,2.9450000000000003,0.18999999999999995,0.1645448267190433,0.3799999999999999,1.6150000000000002,0.6909233093138181,0.5341593666871499,12.4927,13.5134,2.0414000000000003,1.7679042592855534,4.082800000000001,8.287749999999999,0.6797361262872679,0.49104516381222985,3,2.5,0.3125,0.0
Mo2N3,2,1.03,0.964,0.33000000000000007,0.3233326460473796,0.6600000000000001,0.12400000000000005,0.6409065988693956,0.6848512852473229,54.9835,46.7882,40.9765,40.14860657806196,81.95299999999999,29.9798,0.3813652348633302,0.47082014584442655,5.5,5.4,0.5,0.48989794855663565,1,0.5999999999999996,0.6890092384766586,0.6869615765973234,2.6,2.6880000000000006,0.43999999999999995,0.4311101947298393,0.8799999999999999,0.9599999999999997,0.6787585090999517,0.627941588739906,10.81325,11.557419999999999,3.7208500000000004,3.6456735637739155,7.441700000000001,5.8835,0.6327169885429105,0.5572996103521021,3,2.0,0.37037037037037035,4.0
Au3N,2,1.0699999999999998,1.2550000000000001,0.37,0.3204293994002423,0.74,0.905,0.6321078744498925,0.403949679323381,105.48700000000001,151.227,91.48,79.22400393820045,182.96,144.22350000000003,0.2442047365356051,0.11007821111088748,8.0,9.5,3.0,2.598076211353316,6,7.0,0.6210863745552451,0.3893772362904818,2.79,2.665,0.25,0.21650635094610965,0.5,1.145,0.6891271970583724,0.5977777072954749,11.8798,10.55265,2.6543,2.2986912292650357,5.3086,3.2856,0.6679748325227812,0.6438616415633748,4,7.5,0.375,0.0
TiN,2,1.075,1.075,0.375,0.375,0.75,0.375,0.6310051928046935,0.6310051928046935,30.936999999999998,30.936999999999998,16.93,16.93,33.86,16.93,0.5348644030410621,0.5348644030410621,4.5,4.5,0.5,0.5,1,0.5,0.6869615765973234,0.6869615765973234,2.29,2.29,0.75,0.75,1.5,0.75,0.6385130225439005,0.6385130225439005,10.6811,10.6811,3.853,3.853,7.706,3.853,0.6265937843109279,0.6265937843109279,2,1.0,0.2222222222222222,8.0
CoN,2,0.975,0.975,0.275,0.275,0.55,0.275,0.652825793916348,0.652825793916348,36.47,36.47,22.463,22.463,44.926,22.463,0.4891596695578527,0.4891596695578527,7.0,7.0,2.0,2.0,4,2.0,0.6517565611726531,0.6517565611726531,2.46,2.46,0.5800000000000001,0.5800000000000001,1.1600000000000001,0.5800000000000001,0.6650894680379954,0.6650894680379954,11.207550000000001,11.207550000000001,3.32655,3.32655,6.6531,3.32655,0.6484274066300207,0.6484274066300207,2,3.5,0.5,3.0
FeN,2,0.97,0.97,0.27,0.27,0.54,0.27,0.6538912462876595,0.6538912462876595,34.926,34.926,20.919,20.919,41.838,20.919,0.5011279358258853,0.5011279358258853,6.5,6.5,1.5,1.5,3,1.5,0.666278442414676,0.666278442414676,2.435,2.435,0.605,0.605,1.21,0.605,0.6619553198023609,0.6619553198023609,11.218250000000001,11.218250000000001,3.31585,3.31585,6.6317,3.31585,0.6488050871997988,0.6488050871997988,2,3.0,0.46153846153846156,4.0
HfN,2,1.13,1.13,0.43000000000000005,0.43000000000000005,0.8600000000000001,0.43000000000000005,0.6188880785891755,0.6188880785891755,96.2485,96.2485,82.2415,82.2415,164.483,82.2415,0.2607325405075134,0.2607325405075134,4.5,4.5,0.5,0.5,1,0.5,0.6869615765973234,0.6869615765973234,2.17,2.17,0.87,0.87,1.74,0.87,0.610473336435158,0.610473336435158,10.6796,10.6796,3.8545000000000003,3.8545000000000003,7.7090000000000005,3.8545000000000003,0.6265215720189637,0.6265215720189637,4,1.0,0.08695652173913043,8.0
PtN,2,1.04,1.04,0.33999999999999997,0.33999999999999997,0.6799999999999999,0.33999999999999997,0.638712716743869,0.638712716743869,104.5455,104.5455,90.5385,90.5385,181.077,90.5385,0.2457824064522851,0.2457824064522851,7.5,7.5,2.5,2.5,5,2.5,0.6365141682948128,0.6365141682948128,2.66,2.66,0.3800000000000001,0.3800000000000001,0.7600000000000002,0.3800000000000001,0.6829081047004717,0.6829081047004717,11.746400000000001,11.746400000000001,2.7877,2.7877,5.5754,2.7877,0.6647153987236891,0.6647153987236891,4,4.5,0.3103448275862069,1.0
AuN,2,1.0699999999999998,1.0699999999999998,0.37,0.37,0.74,0.37,0.6321078744498925,0.6321078744498925,105.48700000000001,105.48700000000001,91.48,91.48,182.96,91.48,0.2442047365356051,0.2442047365356051,8.0,8.0,3.0,3.0,6,3.0,0.6210863745552451,0.6210863745552451,2.79,2.79,0.25,0.25,0.5,0.25,0.6891271970583724,0.6891271970583724,11.8798,11.8798,2.6543,2.6543,5.3086,2.6543,0.6679748325227812,0.6679748325227812,4,5.0,0.3333333333333333,0.0
Sn3N,2,1.055,1.2325,0.355,0.3074390183434757,0.71,0.8824999999999998,0.6354135292733325,0.4085556270243723,66.35849999999999,92.53425,52.351499999999994,45.33772892622104,104.70299999999999,85.53075,0.33708858148401993,0.16102660550360198,4.5,4.25,0.5,0.4330127018922193,1,1.75,0.6869615765973234,0.605797499372304,2.5,2.23,0.54,0.4676537180435969,1.08,0.71,0.6696343095488462,0.6415694211541305,10.939,9.14145,3.5951000000000004,3.1134479291454356,7.190200000000001,1.8744,0.6381250379795456,0.6719758116743102,3,7.5,0.6382978723404256,0.0
W2N3,2,1.0350000000000001,0.968,0.3350000000000001,0.32823162553294594,0.6700000000000002,0.12800000000000006,0.6398103208890008,0.6843789509294422,98.9235,81.9402,84.9165,83.2008382972191,169.833,65.1318,0.25569601419700555,0.3306826670717289,5.5,5.4,0.5,0.48989794855663565,1,0.5999999999999996,0.6890092384766586,0.6869615765973234,2.7,2.7680000000000002,0.3400000000000001,0.33313060501851227,0.6800000000000002,0.8799999999999999,0.6851974224962176,0.6417231996572592,11.19905,11.86606,3.3350500000000003,3.2676683066676153,6.670100000000001,5.574859999999999,0.6481256669728126,0.5783160975575067,4,1.6,0.14545454545454548,4.8
Re2N,2,1.0350000000000001,1.1466666666666667,0.3350000000000001,0.3158410289299913,0.6700000000000002,0.68,0.6398103208890008,0.5052004710542519,100.107,128.807,86.1,81.17585848021565,172.2,119.469,0.25353583612891584,0.15583112137505561,6.0,6.333333333333334,1.0,0.9428090415820634,2,2.9999999999999996,0.6791932659915256,0.5763341277567497,2.4699999999999998,2.2800000000000002,0.5700000000000001,0.5374011537017762,1.1400000000000001,0.2533333333333334,0.666278442414676,0.6869615765973234,11.1838,10.067033333333335,3.3503000000000003,3.1586931320123868,6.7006000000000006,0.3776333333333337,0.6475804865742896,0.6924434449411332,4,3.3333333333333335,0.2127659574468085,6.666666666666667
Tc2N,2,1.03,1.1400000000000001,0.33000000000000007,0.311126983722081,0.6600000000000001,0.6733333333333335,0.6409065988693956,0.5068200090627033,56.0035,70.00233333333333,41.996500000000005,39.59467991480113,83.993,60.66433333333333,0.3768765578986109,0.2450121202876004,6.0,6.333333333333334,1.0,0.9428090415820634,2,2.9999999999999996,0.6791932659915256,0.5763341277567497,2.4699999999999998,2.2800000000000002,0.5700000000000001,0.5374011537017762,1.1400000000000001,0.2533333333333334,0.666278442414676,0.6869615765973234,10.90705,9.698033333333335,3.62705,3.419615534270223,7.2541,0.008633333333333937,0.6367881417512439,0.6931467843186494,3,3.3333333333333335,0.5263157894736842,6.666666666666667
BN,2,0.7649999999999999,0.7649999999999999,0.065,0.065,0.13,0.065,0.6895331018462082,0.6895331018462082,12.408999999999999,12.408999999999999,1.5979999999999999,1.5979999999999999,3.1959999999999997,1.5979999999999999,0.684832286784308,0.684832286784308,4.0,4.0,1.0,1.0,2,1.0,0.6615632381579821,0.6615632381579821,2.54,2.54,0.5,0.5,1.0,0.5,0.6736450303113333,0.6736450303113333,11.41605,11.41605,3.11805,3.11805,6.2361,3.11805,0.6553693863143839,0.6553693863143839,0,0,0.0,0
Mg3N,2,1.15,1.3750000000000002,0.45000000000000007,0.38971143170299744,0.9000000000000001,1.0250000000000001,0.6145033203107282,0.3811691931058171,19.156,21.7305,5.149,4.4591648040860745,10.298,14.726999999999999,0.6565742411576319,0.4415628154343121,3.5,2.75,1.5,1.299038105676658,3,0.25,0.5982695885852573,0.6890092384766586,2.175,1.7425000000000002,0.865,0.7491119742735394,1.73,0.22250000000000003,0.611835064268357,0.6849725001549125,11.090150000000001,9.368175,3.44395,2.9825481893634174,6.8879,2.101125,0.6441226908011849,0.6677804593059409,1,0,0.0,0
Hg2N,2,1.15,1.3,0.45000000000000007,0.42426406871192857,0.9000000000000001,0.8333333333333334,0.6145033203107282,0.4706149811814812,107.2985,138.39566666666667,93.2915,87.95606970275306,186.583,129.05766666666665,0.24123151365887935,0.14750016869165863,8.5,9.666666666666666,3.5,3.2998316455372216,7,6.333333333333334,0.605797499372304,0.45969301996850165,2.52,2.3466666666666667,0.52,0.49026070162267293,1.04,0.32000000000000006,0.671703461450141,0.6838206287849116,12.485800000000001,11.803033333333333,2.0483000000000002,1.9311557598725406,4.0966000000000005,2.1136333333333335,0.679629903800202,0.6770263598136566,4,6.666666666666667,0.3508771929824562,0.0
InN3,2,1.165,0.9324999999999999,0.46499999999999997,0.4027018127597639,0.9299999999999999,0.11749999999999994,0.6112275107547247,0.6851873628551541,64.4125,39.20975,50.4055,43.65244349045652,100.81099999999999,18.19925,0.3438495072671359,0.5811834872535726,4.0,4.5,1.0,0.8660254037844386,2,3.0,0.6615632381579821,0.45056120886630463,2.41,2.725,0.63,0.5455960043841964,1.26,1.8350000000000002,0.6585791904417153,0.44510623861788534,10.160250000000001,12.347175,4.37385,3.7878652123425667,8.7477,9.453975,0.5973899805553311,0.3612288509086956,3,2.5,0.35714285714285715,0.0
NaN3,2,1.31,1.005,0.61,0.5282754963085076,1.22,0.04499999999999993,0.5804293191321306,0.6921443948876715,18.4985,16.25275,4.491499999999999,3.8897531010978055,8.982999999999999,4.757750000000001,0.6633737376450692,0.6496663219524701,3.0,4.0,2.0,1.7320508075688772,4,3.5,0.45056120886630463,0.2337916587064593,1.985,2.5125,1.0550000000000002,0.9136568009925827,2.11,2.0475000000000003,0.5443690915417391,0.3083692644622875,9.8366,12.18535,4.697500000000001,4.068154334277401,9.395,9.6158,0.5743326592426533,0.3368655693563106,1,0,0.0,0
Sr3N2,2,1.4249999999999998,1.5699999999999998,0.725,0.7103520254071216,1.45,1.0099999999999998,0.5574651697742553,0.46887302542753473,50.813500000000005,58.174800000000005,36.8065,36.06285768709962,73.613,46.9692,0.4010001657544725,0.3168981499991268,3.5,3.2,1.5,1.469693845669907,3,0.8,0.5982695885852573,0.6615632381579821,1.995,1.786,1.045,1.0238867124833686,2.09,0.6460000000000002,0.5488743844849944,0.6262262845584755,10.1145,9.23058,4.4196,4.330305946881814,8.839200000000002,2.3967000000000005,0.5943846536625238,0.6590493314957617,3,0,0.0,0
Ni4N3,2,0.975,1.0142857142857142,0.275,0.2721794126179664,0.55,0.4142857142857142,0.652825793916348,0.6072415465680875,36.35,39.54185714285714,22.343,22.113834967720813,44.686,27.53585714285714,0.4900692652809681,0.42584246606108256,7.5,7.857142857142858,2.5,2.4743582965269675,5,3.5714285714285707,0.6365141682948128,0.5859526183035508,2.475,2.394285714285714,0.5650000000000001,0.5592049750150948,1.1300000000000001,0.2114285714285713,0.6668594878527354,0.6892431677538351,11.08695,10.5945,3.44715,3.4117936807491747,6.8943,1.8632999999999997,0.6440011360396287,0.677600566056126,2,4.571428571428571,0.5818181818181818,2.2857142857142856
HoN,2,1.2349999999999999,1.2349999999999999,0.535,0.535,1.07,0.535,0.5961366378060221,0.5961366378060221,89.4685,89.4685,75.4615,75.4615,150.923,75.4615,0.2745457082715318,0.2745457082715318,9.0,9.0,4.0,4.0,8,4.0,0.5908422462755826,0.5908422462755826,2.135,2.135,0.905,0.905,1.81,0.905,0.6004020531857703,0.6004020531857703,10.2778,10.2778,4.2563,4.2563,8.5126,4.2563,0.6047607002757153,0.6047607002757153,4,0,0.0,0
IN,2,0.99,0.99,0.29000000000000004,0.29000000000000004,0.5800000000000001,0.29000000000000004,0.649607734102787,0.649607734102787,70.4555,70.4555,56.448499999999996,56.448499999999996,112.89699999999999,56.448499999999996,0.32376962004003673,0.32376962004003673,6.0,6.0,1.0,1.0,2,1.0,0.6791932659915256,0.6791932659915256,2.85,2.85,0.18999999999999995,0.18999999999999995,0.3799999999999999,0.18999999999999995,0.6909233093138181,0.6909233093138181,12.4927,12.4927,2.0414000000000003,2.0414000000000003,4.082800000000001,2.0414000000000003,0.6797361262872679,0.6797361262872679,3,5.0,0.45454545454545453,0.0
Zr3N,2,1.15,1.3750000000000002,0.45000000000000007,0.38971143170299744,0.9000000000000001,1.0250000000000001,0.6145033203107282,0.3811691931058171,52.615500000000004,71.91975000000001,38.60850000000001,33.435941802011506,77.217,64.91625,0.39225090198508017,0.1946388774486014,4.5,4.25,0.5,0.4330127018922193,1,1.75,0.6869615765973234,0.605797499372304,2.185,1.7575,0.855,0.740451720235695,1.71,0.23750000000000004,0.6145033203107282,0.6839884329677817,10.584,8.60895,3.9501000000000004,3.420886947488911,7.900200000000001,1.3418999999999994,0.6217885000156053,0.6809493594736268,3,1.5,0.35294117647058826,12.0
PrN,2,1.2650000000000001,1.2650000000000001,0.5650000000000001,0.5650000000000001,1.1300000000000001,0.5650000000000001,0.5897901491487252,0.5897901491487252,77.4575,77.4575,63.4505,63.4505,126.90099999999998,63.45049999999999,0.3035023004777297,0.3035023004777297,5.0,5.0,0.0,0.0,0,0.0,0.6931471805599453,0.6931471805599453,2.085,2.085,0.9550000000000001,0.9550000000000001,1.9100000000000001,0.9550000000000001,0.5842343159427201,0.5842343159427201,10.00355,10.00355,4.53055,4.53055,9.0611,4.53055,0.586760689401774,0.586760689401774,4,0,0.0,0
NdN,2,1.26,1.26,0.56,0.56,1.12,0.56,0.5908422462755826,0.5908422462755826,79.1245,79.1245,65.11749999999999,65.11749999999999,130.23499999999999,65.11749999999999,0.2990824999065724,0.2990824999065724,5.5,5.5,0.5,0.5,1,0.5,0.6890092384766586,0.6890092384766586,2.09,2.09,0.9500000000000001,0.9500000000000001,1.9000000000000001,0.9500000000000001,0.5859526183035508,0.5859526183035508,10.02955,10.02955,4.50455,4.50455,9.0091,4.50455,0.5885910429568572,0.5885910429568572,4,0,0.0,0
Ba3N2,2,1.435,1.582,0.735,0.7201499843782543,1.47,1.0219999999999998,0.5555365967291861,0.46680022283329087,75.667,87.999,61.660000000000004,60.4142150160043,123.32,76.79339999999999,0.30841389003590725,0.2369455207951089,3.5,3.2,1.5,1.469693845669907,3,0.8,0.5982695885852573,0.6615632381579821,1.965,1.75,1.075,1.0532805893967665,2.15,0.6820000000000002,0.5349672247607323,0.6151590634681331,9.872900000000001,8.940660000000001,4.6612,4.56702463562438,9.3224,2.68662,0.5771374871269765,0.6472934179612746,4,0,0.0,0
Ca3N2,2,1.335,1.462,0.635,0.6221703946669273,1.27,0.9019999999999999,0.5753168175581564,0.4884172826604398,27.0425,29.6496,13.0355,12.77212941682005,26.071000000000005,18.444000000000003,0.5719886196409417,0.48472183083640663,3.5,3.2,1.5,1.469693845669907,3,0.8,0.5982695885852573,0.6615632381579821,2.02,1.8159999999999998,1.02,0.9993918150555368,2.04,0.6160000000000002,0.5595994328465448,0.6344590585216789,10.32365,9.48156,4.21045,4.125381635000573,8.4209,2.1457200000000007,0.6075040103128763,0.6673171348834533,2,0,0.0,0
Ti3N,2,1.075,1.2625,0.375,0.3247595264191645,0.75,0.9124999999999999,0.6310051928046935,0.4024392402317307,30.936999999999998,39.402,16.93,14.661810086070545,33.86,32.3985,0.5348644030410621,0.2999211585445736,4.5,4.25,0.5,0.4330127018922193,1,1.75,0.6869615765973234,0.605797499372304,2.29,1.915,0.75,0.649519052838329,1.5,0.395,0.6385130225439005,0.6717208108538357,10.6811,8.7546,3.853,3.3367958807814424,7.706,1.4875500000000001,0.6265937843109279,0.6786411124528866,2,1.5,0.35294117647058826,12.0
SbN,2,1.03,1.03,0.33000000000000007,0.33000000000000007,0.6600000000000001,0.33000000000000007,0.6409065988693956,0.6409065988693956,67.8835,67.8835,53.87650000000001,53.87650000000001,107.753,53.8765,0.3319915677951545,0.3319915677951545,5.0,5.0,0.0,0.0,0,0.0,0.6931471805599453,0.6931471805599453,2.545,2.545,0.4950000000000001,0.4950000000000001,0.9900000000000002,0.4950000000000001,0.6741111463130667,0.6741111463130667,11.57125,11.57125,2.9628500000000004,2.9628500000000004,5.925700000000001,2.9628500000000004,0.6599977366680707,0.6599977366680707,3,5.0,0.5,0.0
LaN,2,1.2149999999999999,1.2149999999999999,0.515,0.515,1.03,0.515,0.6004107734163884,0.6004107734163884,76.456,76.456,62.449,62.449,124.898,62.449,0.3062280058427572,0.3062280058427572,4.0,4.0,1.0,1.0,2,1.0,0.6615632381579821,0.6615632381579821,2.0700000000000003,2.0700000000000003,0.97,0.97,1.94,0.97,0.5789353905773502,0.5789353905773502,10.0555,10.0555,4.4786,4.4786,8.9572,4.4786,0.5903908562828741,0.5903908562828741,4,0.5,0.125,9.0
BiN,2,1.125,1.125,0.42500000000000004,0.42500000000000004,0.8500000000000001,0.42500000000000004,0.6199868019113608,0.6199868019113608,111.4935,111.4935,97.48649999999999,97.48649999999999,194.97299999999998,97.48649999999999,0.2346447168817231,0.2346447168817231,5.0,5.0,0.0,0.0,0,0.0,0.6931471805599453,0.6931471805599453,2.5300000000000002,2.5300000000000002,0.51,0.51,1.02,0.51,0.672689839045302,0.672689839045302,10.90985,10.90985,3.6242500000000004,3.6242500000000004,7.248500000000001,3.6242500000000004,0.6369062980825286,0.6369062980825286,4,5.0,0.29411764705882354,0.0
W3N4,2,1.0350000000000001,0.9871428571428571,0.3350000000000001,0.3315640117346137,0.6700000000000002,0.18714285714285722,0.6398103208890008,0.675067609519707,98.9235,86.79257142857143,84.9165,84.04553851481289,169.833,70.78457142857143,0.25569601419700555,0.3076439367380568,5.5,5.428571428571429,0.5,0.4948716593053935,1,0.2857142857142856,0.6890092384766586,0.6917614988524178,2.7,2.748571428571428,0.3400000000000001,0.33651272832766765,0.6800000000000002,0.7257142857142858,0.6851974224962176,0.6578736653384863,11.19905,11.675485714285715,3.3350500000000003,3.3008434547329055,6.670100000000001,4.934914285714285,0.6481256669728126,0.6009505941015347,4,1.7142857142857142,0.15,5.142857142857143
ScN,2,1.155,1.155,0.45500000000000007,0.45500000000000007,0.9100000000000001,0.45500000000000007,0.613410049457059,0.613410049457059,29.4815,29.4815,15.474500000000003,15.474500000000003,30.949000000000005,15.474500000000003,0.5482460820389807,0.5482460820389807,4.0,4.0,1.0,1.0,2,1.0,0.6615632381579821,0.6615632381579821,2.2,2.2,0.84,0.84,1.68,0.84,0.6183713503495922,0.6183713503495922,10.5478,10.5478,3.9863000000000004,3.9863000000000004,7.972600000000001,3.9863000000000004,0.6199274184040406,0.6199274184040406,2,0.5,0.125,9.0
ErN,2,1.23,1.23,0.53,0.53,1.06,0.53,0.5972020641024041,0.5972020641024041,90.633,90.633,76.62599999999999,76.62599999999999,153.25199999999998,76.62599999999999,0.2720584812270501,0.2720584812270501,9.5,9.5,4.5,4.5,9,4.5,0.5763341277567499,0.5763341277567499,2.14,2.14,0.9,0.9,1.8,0.9,0.601900449407694,0.601900449407694,10.3209,10.3209,4.2132000000000005,4.2132000000000005,8.426400000000001,4.2132000000000005,0.6073414901696358,0.6073414901696358,4,0,0.0,0
YN,2,1.255,1.255,0.555,0.555,1.11,0.555,0.5918966458944548,0.5918966458944548,51.456500000000005,51.456500000000005,37.44950000000001,37.44950000000001,74.899,37.4495,0.39782990105986926,0.39782990105986926,4.0,4.0,1.0,1.0,2,1.0,0.6615632381579821,0.6615632381579821,2.13,2.13,0.91,0.91,1.82,0.91,0.5988830348023547,0.5988830348023547,10.3757,10.3757,4.1584,4.1584,8.3168,4.1584,0.6105323906841165,0.6105323906841165,3,0.5,0.125,9.0
ThN,2,1.25,1.25,0.55,0.55,1.1,0.55,0.5929533174474745,0.5929533174474745,123.02250000000001,123.02250000000001,109.0155,109.0155,218.031,109.0155,0.21843148509356128,0.21843148509356128,4.5,4.5,0.5,0.5,1,0.5,0.6869615765973234,0.6869615765973234,2.17,2.17,0.87,0.87,1.74,0.87,0.610473336435158,0.610473336435158,10.4204,10.4204,4.113700000000001,4.113700000000001,8.2274,4.1137,0.613062181351,0.613062181351,5,1.0,0.2222222222222222,8.0
Br3N,2,0.905,1.0075,0.20500000000000007,0.17753520777580997,0.41000000000000014,0.6575,0.6672676429281228,0.4617005418301994,46.9555,63.42975,32.948499999999996,28.534238016591576,65.89699999999999,56.426249999999996,0.42123507191250914,0.2135697372255139,6.0,6.5,1.0,0.8660254037844386,2,4.0,0.6791932659915256,0.4895518936229288,3.0,2.9799999999999995,0.040000000000000036,0.03464101615137758,0.08000000000000007,1.4599999999999997,0.6930582890371242,0.5677978065141052,13.173950000000001,12.493875000000001,1.36015,1.1779244529574042,2.7203,5.226825,0.6878078626321211,0.6028882804330242,2,7.5,0.5357142857142857,0.0
SmN,2,1.25,1.25,0.55,0.55,1.1,0.55,0.5929533174474745,0.5929533174474745,82.18350000000001,82.18350000000001,68.1765,68.1765,136.353,68.1765,0.29133173467090295,0.29133173467090295,6.5,6.5,1.5,1.5,3,1.5,0.666278442414676,0.666278442414676,2.105,2.105,0.935,0.935,1.87,0.935,0.590968293067586,0.590968293067586,10.0889,10.0889,4.4452,4.4452,8.8904,4.4452,0.5926683183325739,0.5926683183325739,4,0,0.0,0
PmN,2,1.255,1.255,0.555,0.555,1.11,0.555,0.5918966458944548,0.5918966458944548,79.5035,79.5035,65.4965,65.4965,130.993,65.4965,0.29809744363396284,0.29809744363396284,6.0,6.0,1.0,1.0,2,1.0,0.6791932659915256,0.6791932659915256,2.085,2.085,0.9550000000000001,0.9550000000000001,1.9100000000000001,0.9550000000000001,0.5842343159427201,0.5842343159427201,10.05805,10.05805,4.476050000000001,4.476050000000001,8.952100000000002,4.476050000000001,0.5905662757085277,0.5905662757085277,4,0,0.0,0
NCl,2,0.845,0.845,0.14500000000000002,0.14500000000000002,0.29000000000000004,0.14500000000000002,0.678351187664023,0.678351187664023,24.73,24.73,10.723,10.723,21.446000000000005,10.723000000000003,0.5959489046246293,0.5959489046246293,6.0,6.0,1.0,1.0,2,1.0,0.6791932659915256,0.6791932659915256,3.1,3.1,0.06000000000000005,0.06000000000000005,0.1200000000000001,0.06000000000000005,0.6929598639730798,0.6929598639730798,13.75085,13.75085,0.7832500000000007,0.7832500000000007,1.5665000000000013,0.7832500000000007,0.6915240748509419,0.6915240748509419,1,0,0.0,0
CdN,2,1.095,1.095,0.395,0.395,0.79,0.395,0.6265938004588363,0.6265938004588363,63.209,63.209,49.202000000000005,49.202000000000005,98.404,49.202,0.34818278345734,0.34818278345734,8.5,8.5,3.5,3.5,7,3.5,0.605797499372304,0.605797499372304,2.365,2.365,0.675,0.675,1.35,0.675,0.6518452742223964,0.6518452742223964,11.763950000000001,11.763950000000001,2.77015,2.77015,5.5403,2.77015,0.6651601831577978,0.6651601831577978,3,5.0,0.5882352941176471,0.0
PaN,2,1.165,1.165,0.46499999999999997,0.46499999999999997,0.9299999999999999,0.46499999999999997,0.6112275107547247,0.6112275107547247,122.5215,122.5215,108.5145,108.5145,217.029,108.5145,0.2190844901546613,0.2190844901546613,5.0,5.0,0.0,0.0,0,0.0,0.6931471805599453,0.6931471805599453,2.27,2.27,0.77,0.77,1.54,0.77,0.6344590585216789,0.6344590585216789,10.21205,10.21205,4.32205,4.32205,8.644100000000002,4.322050000000001,0.6006991162901373,0.6006991162901373,5,0.5,0.1,9.0
PdN2,2,1.04,0.9266666666666665,0.33999999999999997,0.3205550741379015,0.6799999999999999,0.006666666666666654,0.638712716743869,0.6931213017589937,60.2135,44.81133333333334,46.2065,43.563905979861616,92.413,26.135333333333328,0.35951015779662954,0.5118087515688634,7.5,6.666666666666667,2.5,2.3570226039551585,5,0.0,0.6365141682948128,0.6931471805599453,2.62,2.7600000000000002,0.41999999999999993,0.39597979746446654,0.8399999999999999,1.293333333333333,0.6802426739679679,0.5789353905773502,11.435500000000001,12.468366666666668,3.0986000000000002,2.9213880962461816,6.1972000000000005,6.910433333333333,0.6559736870150619,0.5305307012317575,2,3.3333333333333335,0.5,0.0
KN2,2,1.4849999999999999,1.2233333333333334,0.785,0.7401050976419198,1.57,0.29,0.5460610246217786,0.6647798504153849,26.5525,22.370666666666665,12.5455,11.828010831167775,25.091,3.6946666666666665,0.5769536197871037,0.6794461157370533,3.0,3.666666666666667,2.0,1.8856180831641267,4,2.9999999999999996,0.45056120886630463,0.30463609734923813,1.93,2.3000000000000003,1.11,1.0465180361560904,2.22,1.753333333333333,0.5171653500265921,0.36460854467666987,9.4374,11.1363,5.0967,4.805214842231303,10.1934,8.2425,0.5392440748322835,0.386246879636527,2,0,0.0,0
Re3N5,2,1.0350000000000001,0.95125,0.3350000000000001,0.3243623552448712,0.6700000000000002,0.07625000000000004,0.6398103208890008,0.6899311039495135,100.107,78.582,86.1,83.36596652711464,172.2,61.07325,0.25353583612891584,0.3494413908687518,6.0,5.75,1.0,0.9682458365518543,2,0.5,0.6791932659915256,0.6893616831435102,2.4699999999999998,2.6125,0.5700000000000001,0.551900126834557,1.1400000000000001,1.1875,0.666278442414676,0.5859526183035508,11.1838,12.021375,3.3503000000000003,3.2439140261996777,6.7006000000000006,6.14625,0.6475804865742896,0.5560555276998925,4,1.875,0.17045454545454544,3.75
C3N4,2,0.735,0.73,0.03500000000000003,0.034641016151377574,0.07000000000000006,0.06999999999999995,0.6920129648318738,0.6885426234367296,13.009,13.15157142857143,0.9980000000000002,0.9877638319735657,1.9960000000000004,2.8564285714285713,0.6902016057811866,0.6693717627763935,4.5,4.571428571428571,0.5,0.4948716593053935,1,1.1428571428571426,0.6869615765973234,0.6615632381579821,2.795,2.83,0.2450000000000001,0.2424871130596429,0.4900000000000002,0.6442857142857144,0.689300411897693,0.667003366280049,12.897200000000002,13.131042857142859,1.6368999999999998,1.620110838233997,3.2737999999999996,3.4793571428571424,0.6850711975671451,0.6576193527620686,0,0,0.0,0
Co2N,2,0.975,1.0666666666666667,0.275,0.25927248643506745,0.55,0.6,0.652825793916348,0.525321319515595,36.47,43.95766666666666,22.463,21.178319501057892,44.926,34.61966666666667,0.4891596695578527,0.3385297310675455,7.0,7.666666666666667,2.0,1.8856180831641267,4,4.333333333333334,0.6517565611726531,0.5235863374812598,2.46,2.2666666666666666,0.5800000000000001,0.5468292441175968,1.1600000000000001,0.24,0.6650894680379954,0.687531122961194,11.207550000000001,10.098700000000001,3.32655,3.136301417274813,6.6531,0.4093,0.6484274066300207,0.6923256163441971,2,4.666666666666667,0.6086956521739131,4.0
Pd2N,2,1.04,1.1533333333333333,0.33999999999999997,0.3205550741379015,0.6799999999999999,0.6866666666666666,0.638712716743869,0.5035910701982198,60.2135,75.61566666666667,46.2065,43.563905979861616,92.413,66.27766666666666,0.35951015779662954,0.23174618030960636,7.5,8.333333333333334,2.5,2.3570226039551585,5,5.0,0.6365141682948128,0.5004024235381879,2.62,2.4800000000000004,0.41999999999999993,0.39597979746446654,0.8399999999999999,0.4533333333333336,0.6802426739679679,0.676345737697465,11.435500000000001,10.402633333333334,3.0986000000000002,2.9213880962461816,6.1972000000000005,0.7132333333333332,0.6559736870150619,0.6907949090253687,2,6.666666666666667,0.7999999999999999,0.0
FeN2,2,0.97,0.8799999999999999,0.27,0.25455844122715715,0.54,0.05333333333333329,0.6538912462876595,0.6913095073117435,34.926,27.952999999999996,20.919,19.72262234085518,41.838,9.277,0.5011279358258853,0.6370171814125388,6.5,6.0,1.5,1.4142135623730951,3,0.6666666666666665,0.666278442414676,0.6869615765973234,2.435,2.6366666666666667,0.605,0.5703994701571483,1.21,1.4166666666666665,0.6619553198023609,0.5409056868505747,11.218250000000001,12.323533333333334,3.31585,3.126213360529885,6.6317,7.055266666666666,0.6488050871997988,0.5188806255144796,2,2.0,0.3333333333333333,2.6666666666666665
Nb3N,2,1.065,1.2475,0.365,0.31609927238132013,0.73,0.8975,0.6332102451900736,0.4054724581491651,53.456500000000005,73.18125,39.44950000000001,34.16426916659422,78.899,66.17775,0.3883079771371024,0.19213647735017403,5.0,5.0,0.0,0.0,0,2.5,0.6931471805599453,0.5623351446188083,2.3200000000000003,1.9600000000000002,0.72,0.6235382907247958,1.44,0.44000000000000017,0.6441857770863766,0.6677333174161975,10.6465,8.7027,3.8876000000000004,3.366760359752384,7.775200000000001,1.4356499999999994,0.6249121400208648,0.6794778848913441,3,3.0,0.6,9.0
Nb16N13,2,1.065,1.1027586206896551,0.365,0.3630417146329258,0.73,0.4751724137931035,0.6332102451900736,0.5972020641024041,53.456500000000005,57.5374827586207,39.44950000000001,39.23784690797701,78.899,44.97948275862069,0.3883079771371024,0.3446901275226713,5.0,5.0,0.0,0.0,0,0.5172413793103452,0.6931471805599453,0.6877868229921127,2.3200000000000003,2.2455172413793107,0.72,0.716137080919744,1.44,0.48,0.6441857770863766,0.6701234321636695,10.6465,10.244334482758621,3.8876000000000004,3.8667423830327743,7.775200000000001,2.786237931034483,0.6249121400208648,0.6556910052626447,3,2.206896551724138,0.4413793103448276,6.620689655172414
Nb16N9,2,1.065,1.1672,0.365,0.3504,0.73,0.6632,0.6332102451900736,0.5216712079270758,53.456500000000005,64.50236000000001,39.44950000000001,37.871520000000004,78.899,54.417320000000004,0.3883079771371024,0.2742911393796884,5.0,5.0,0.0,0.0,0,1.4000000000000004,0.6931471805599453,0.6534181947937018,2.3200000000000003,2.1184000000000003,0.72,0.6912,1.44,0.07040000000000002,0.6441857770863766,0.6925948750768601,10.6465,9.557972,3.8876000000000004,3.7320960000000003,7.775200000000001,0.9065799999999999,0.6249121400208648,0.6886420868725545,3,2.56,0.512,7.68
IN5,2,0.99,0.7966666666666667,0.29000000000000004,0.2161532378249797,0.5800000000000001,0.37000000000000005,0.649607734102787,0.5810406951464313,70.4555,32.823166666666665,56.448499999999996,42.074227742632296,112.89699999999999,9.478166666666667,0.32376962004003673,0.6508550426327331,6.0,5.333333333333334,1.0,0.7453559924999299,2,3.0000000000000004,0.6791932659915256,0.5253213195155949,2.85,2.9766666666666666,0.18999999999999995,0.14161763857498663,0.3799999999999999,2.0900000000000003,0.6909233093138181,0.42085932068995974,12.4927,13.853633333333335,2.0414000000000003,1.521569723089357,4.082800000000001,10.369866666666667,0.6797361262872679,0.37819748428640776,3,1.6666666666666667,0.2380952380952381,0.0
SnN,2,1.055,1.055,0.355,0.355,0.71,0.355,0.6354135292733325,0.6354135292733325,66.35849999999999,66.35849999999999,52.351499999999994,52.351499999999994,104.70299999999999,52.351499999999994,0.33708858148401993,0.33708858148401993,4.5,4.5,0.5,0.5,1,0.5,0.6869615765973234,0.6869615765973234,2.5,2.5,0.54,0.54,1.08,0.54,0.6696343095488462,0.6696343095488462,10.939,10.939,3.5951000000000004,3.5951000000000004,7.190200000000001,3.5951000000000004,0.6381250379795456,0.6381250379795456,3,5.0,0.5263157894736842,0.0
W43N38,2,1.0350000000000001,1.0556790123456792,0.3350000000000001,0.3343611497294614,0.6700000000000002,0.398888888888889,0.6398103208890008,0.6199578768822163,98.9235,104.16525925925926,84.9165,84.75456289851284,169.833,91.0228888888889,0.25569601419700555,0.23537087898144685,5.5,5.530864197530864,0.5,0.49904649213352437,1,0.8395061728395063,0.6890092384766586,0.681583083709026,2.7,2.6790123456790123,0.3400000000000001,0.33935161465079666,0.6800000000000002,0.17333333333333334,0.6851974224962176,0.6910526429726964,11.19905,10.993182716049382,3.3350500000000003,3.3286900071798216,6.670100000000001,2.643750617283951,0.6481256669728126,0.6639440574877739,4,2.123456790123457,0.16380952380952382,6.37037037037037
Ta4N5,2,1.065,1.0244444444444445,0.365,0.36273991634996583,0.73,0.24666666666666665,0.6332102451900736,0.6638726561613062,97.4775,88.203,83.4705,82.9536498292872,166.941,72.63966666666667,0.2583914651230066,0.29841063261308853,5.0,5.0,0.0,0.0,0,0.5555555555555554,0.6931471805599453,0.6869615765973233,2.27,2.3555555555555556,0.77,0.765232152299928,1.54,1.0222222222222221,0.6344590585216789,0.5957819685306915,11.04185,11.429877777777778,3.4922500000000003,3.470625953077174,6.984500000000001,4.719122222222223,0.6422634703694173,0.6053103037260941,4,1.3333333333333333,0.11881188118811882,6.222222222222222
Nb4N5,2,1.065,1.0244444444444445,0.365,0.36273991634996583,0.73,0.24666666666666665,0.6332102451900736,0.6638726561613062,53.456500000000005,49.07322222222223,39.44950000000001,39.205228301501315,78.899,33.50988888888889,0.3883079771371024,0.4372952661907833,5.0,5.0,0.0,0.0,0,0.5555555555555554,0.6931471805599453,0.6869615765973233,2.3200000000000003,2.4,0.72,0.7155417527999327,1.44,0.9777777777777777,0.6441857770863766,0.6076934238709566,10.6465,11.078455555555555,3.8876000000000004,3.863527941923637,7.775200000000001,5.070544444444446,0.6249121400208648,0.5844021898946773,3,1.7777777777777777,0.3555555555555555,5.333333333333333
Mo15N16,2,1.03,1.0193548387096774,0.33000000000000007,0.32982825916088976,0.6600000000000001,0.29677419354838713,0.6409065988693956,0.6501461619120047,54.9835,53.66167741935484,40.9765,40.955174731836955,81.95299999999999,39.202838709677415,0.3813652348633302,0.3952658329103331,5.5,5.483870967741936,0.5,0.49973978660740864,1,0.3225806451612905,0.6890092384766586,0.6914160776171183,2.6,2.614193548387097,0.43999999999999995,0.43977101221451953,0.8799999999999999,0.5238709677419355,0.6787585090999517,0.672931533455418,10.81325,10.93327741935484,3.7208500000000004,3.7189135699963534,7.441700000000001,4.069664516129032,0.6327169885429105,0.6221749765588691,3,2.4193548387096775,0.4411764705882353,4.838709677419355
Ta2N3,2,1.065,0.9919999999999999,0.365,0.357625502446344,0.73,0.15199999999999997,0.6332102451900736,0.68136173449681,97.4775,80.7834,83.4705,81.7840534299933,166.941,63.97500000000001,0.2583914651230066,0.3338566905711833,5.0,5.0,0.0,0.0,0,1.0,0.6931471805599453,0.6730116670092565,2.27,2.4240000000000004,0.77,0.7544428407772189,1.54,1.2239999999999998,0.6344590585216789,0.5595994328465448,11.04185,11.7403,3.4922500000000003,3.4216922216938217,6.984500000000001,5.700619999999999,0.6422634703694173,0.5701289966906141,4,1.2,0.11320754716981132,5.6
Re3N4,2,1.0350000000000001,0.9871428571428571,0.3350000000000001,0.3315640117346137,0.6700000000000002,0.18714285714285722,0.6398103208890008,0.675067609519707,100.107,87.807,86.1,85.21689973238875,172.2,71.79899999999999,0.25353583612891584,0.305200725271494,6.0,5.857142857142858,1.0,0.989743318610787,2,0.14285714285714324,0.6791932659915256,0.6928497090635346,2.4699999999999998,2.551428571428571,0.5700000000000001,0.5641536916081487,1.1400000000000001,0.9228571428571429,0.666278442414676,0.6262262845584755,11.1838,11.662414285714286,3.3503000000000003,3.3159370403417197,6.7006000000000006,4.947985714285714,0.6475804865742896,0.6002299930003708,4,2.142857142857143,0.18072289156626506,4.285714285714286
N2O3,2,0.6799999999999999,0.6759999999999999,0.019999999999999962,0.019595917942265385,0.039999999999999925,0.11600000000000005,0.6927145922272342,0.6783511876640229,15.003,15.2022,0.9960000000000004,0.9758767135248186,1.9920000000000009,3.996599999999999,0.6909419606118907,0.658180487860383,5.5,5.6,0.5,0.48989794855663565,1,1.5999999999999996,0.6890092384766586,0.6517565611726532,3.24,3.2800000000000002,0.19999999999999996,0.1959591794226542,0.3999999999999999,0.8479999999999999,0.6912407714079223,0.6593439595071064,14.0761,13.9845,0.4580000000000002,0.4487465208778784,0.9160000000000004,2.357219999999999,0.6926177452176572,0.6788729840554666,0,0,0.0,0
Ta3N5,2,1.065,0.97375,0.365,0.35340973034142675,0.73,0.09875,0.6332102451900736,0.6879961263722502,97.4775,76.609875,83.4705,80.81996409990155,166.941,59.10112500000001,0.2583914651230066,0.35535511643872764,5.0,5.0,0.0,0.0,0,1.25,0.6931471805599453,0.6615632381579821,2.27,2.4625,0.77,0.7455492941449278,1.54,1.3375,0.6344590585216789,0.5373679358024637,11.04185,11.9149125,3.4922500000000003,3.3813565226982134,6.984500000000001,6.2527125,0.6422634703694173,0.5483090992912352,4,1.125,0.10975609756097561,5.25
Nb2N3,2,1.065,0.9919999999999999,0.365,0.357625502446344,0.73,0.15199999999999997,0.6332102451900736,0.68136173449681,53.456500000000005,45.56660000000001,39.44950000000001,38.652458243169995,78.899,28.758200000000006,0.3883079771371024,0.4780563289726027,5.0,5.0,0.0,0.0,0,1.0,0.6931471805599453,0.6730116670092565,2.3200000000000003,2.4640000000000004,0.72,0.7054530459215553,1.44,1.1839999999999997,0.6441857770863766,0.5727850616244738,10.6465,11.424019999999999,3.8876000000000004,3.809054529617554,7.775200000000001,6.0169,0.6249121400208648,0.5471943213390852,3,1.6,0.32,4.8
