formula,Tc
Th1Pd3B3C1,21.5
Pu1Co1Ga5,18.5
La0.6Rh4P12,17
Pu1Co0.9Ni0.1Ga5,16.6
Lu0.98La0.02Ni2B2C1,16.2
Lu1Ni2B2C1,15.880667
Lu1Ni1.991Co0.018B2C1,15.6
Pu1Co0.5Rh0.5Ga5,15.5
Lu0.95La0.05Ni2B2C1,15.3
Y0.16Lu0.84Ni2B2C1,15.2
Ho0.15Lu0.85Ni2B2C1,15.1
Lu0.94La0.06Ni2B2C1,15.1
Y0.3Lu0.7Ni2B2C1,15
La0.8Rh4P12,14.9
Y0.2Lu0.8Ni2B2C1,14.68
Th1Pd2B2C1,14.5
Lu1Ni1.97Co0.06B2C1,14
Lu0.93La0.07Ni2B2C1,13.6
Lu0.92La0.08Ni2B2C1,13.6
Pu1Co0.9Fe0.1Ga5,13.5
Ho0.3Lu0.7Ni2B2C1,13.3
Lu0.945Gd0.055Ni2B2C1,13.28
La3Ni2B2N3,13.0325
La3Ni2B2N2.7,12.5
Lu1Ni1.95Co0.1B2C1,12.3
Lu0.75Th0.25Rh4B4,11.93
Lu0.8Dy0.2Ni2B2C1,11.8
Lu0.772Dy0.228Ni2B2C1,11.77
La1Pt1.5Au0.6B2.4C1.2,11
Er0.8Lu0.2Ni2B2C1,10.8
La1Pt1.5Au0.5B2C1,10.65
Lu1Ni1.93Co0.14B2C1,10.5
La1Pt2.1B2.4C1.2,10.35
La1Ru4As12,10.3
Tm1Ni1.99Co0.02B2C1,10.3
La1Pt2B2C1,10.25
Pu1Co0.1Rh0.9Ga5,10.2
La2.95Ce0.05Ni2B2N2.7,10.2
La1Pt1.5Au0.6B2C1,10.2
Lu1Rh4B4,10.093625
Lu1Ru1B2,10.054
Ho0.45Lu0.55Ni2B2C1,10
Pu1Co0.8Fe0.2Ga5,10
Lu1Pd4B1C0.2,10
Lu1Tc2,9.9
Ho0.6Lu0.4Ni2B2C1,9.82
Dy0.2Tm0.8Ni2B2C1,9.75
Lu0.87Gd0.13Ni2B2C1,9.715
Tm1Ni2B2C1,9.659
In1La3,9.61
Cd0.1In0.9La3,9.55
La3In0.9Cd0.1,9.55
Er1Ni1.98Fe0.02B2C1,9.535
Y0.47Er0.53Rh4B4,9.5
Er1Ni2B2C1,9.465833
La3In0.7Al0.3,9.42
La0.9Nd0.1Pt2.1B2.4C1.2,9.4
Y1Th3.4Ru0.6B4,9.4
Ho0.85Y0.15Ni2B2C1,9.3
La3In0.7Ga0.3,9.25
Ga0.3In0.7La3,9.25
Er1Ni0.199Co0.02B2C1,9.2
Tm1Ni1.98Co0.04B2C1,9.2
Y0.28Er0.72Rh4B4,9.05
Er0.97Tm0.3Rh4B4,9.03
Lu1Th3.4Ru0.6B4,9
Dy0.4Tm0.6Ni2B2C1,9
La0.9Pr0.1Pt2.1B2.4C1.2,9
La3Tl1,8.905
Ho0.75Y0.25Ni2B2C1,8.9
Tm1Rh4B4,8.888
Lu0.85Er0.15Ru1B2,8.86
Er0.97Tm0.15Rh4B4,8.86
Ho0.75Lu0.25Ni2B2C1,8.81
Lu1Ni0.91Co0.18B2C1,8.8
Ho0.8Lu0.2Ni2B2C1,8.77
Ho0.95Lu0.05Ni2B2C1,8.77
Ho0.9Lu0.1Ni2B2C1,8.77
Lu0.9Er0.1Ru1B2,8.77
Y0.12Er0.88Rh4B4,8.74
Lu0.9Tm0.1Ru1B2,8.72
Ho0.85Lu0.15Ni2B2C1,8.72
Ho0.7Lu0.3Ni2B2C1,8.72
Tm1Ni1.97Co0.06B2C1,8.7
Yb1Rh1.4Sn4.6,8.6
La3Sc4,8.6
Er0.9Tb0.1Ni2B2C1,8.52
Er1Ni1.94Fe0.06B2C1,8.5
La2.9952Gd0.0048In1,8.5
Pu0.9U0.1Co1Ga5,8.4
Er1Ni1.96Fe0.04B2C1,8.355
H3.63Th1,8.35
Tm1Th3.4Ru0.6B4,8.3
La1Pt4Ge12,8.253333
Er0.79Ho0.21Rh4B4,8.22
Er0.98Gd0.02Rh4B4,8.22
Er1Ni1.98Co0.04B2C1,8.2
La2.98Ce0.02In1,8.2
Ho0.9Dy0.1Ni2B2C1,8.116667
La2Pt3Ge5,8.1
Er0.73Ho0.27Rh4B4,8.06
Er0.97Gd0.03Rh4B4,8.06
H15Th4,8.025
La1Rh4Si2B1,8
Tm1Ni1.96Fe0.04B2C1,7.97
Er1Rh3.6Ir0.4B4,7.95
La1Pt4Ge13,7.92
La2.9889Gd0.0111In1,7.92
Lu2.5Sc2.5Ir4Si10,7.915
Er1Th3.4Ru0.6B4,7.9
Gd0.02In1La2.98,7.9
Ho0.85Dy0.15Ni2B2C1,7.895
Pr1Pt4Ge12,7.876
Lu0.8Er0.2Ru1B2,7.85
La0.7Nd0.3Pt2.1B2.4C1.2,7.84
Yb3Rh4Sn13,7.833333
Pr2Pt3Ge5,7.8
La3In0.8Sn0.2,7.8
In0.8La3Sn0.2,7.8
Er1Rh4B4,7.795
Lu2Ir3Si4.9Ge0.1,7.74
Tm1Ni1.96Co0.08B2C1,7.7
La2.916Pr0.084Tl1,7.7
Lu3.5Sc1.5Ir4Si10,7.665
Lu1Sc4Ir4Si10,7.655
Er0.95Gd0.05Rh4B4,7.61
La1Ru3.5Si2,7.6
La1Os2,7.575
Er1Rh2.4Ir1.6B4,7.56
La2.91Pr0.09Tl1,7.55
Lu0.574Dy0.426Ni2B2C1,7.54
Ho1Ni2B2C1,7.532353
Lu0.9Ho0.1Ru1B2,7.53
Lu0.6Dy0.4Ni2B2C1,7.5
Lu1Ni1.89Co0.22B2C1,7.5
Ho0.97La0.03Ni2B2C1,7.44
Er1Pb2,7.4
Tm1Ni1.92Fe0.08B2C1,7.39
Er1Ir2Rh2B4,7.37
Er1Ni1.96Fe0.04B2C0.99,7.35
Lu0.9Dy0.1Ru1B2,7.34
Er0.46Ho0.54Rh4B4,7.32
La1Ru3Si2,7.316
Er1Ni1.965Fe0.035B2C1,7.31
Lu0.88Gd0.12Ni2B2C1,7.3
Lu0.8Tm0.2Ru1B2,7.295
Pu1Rh1Ga5,7.283333
Er0.85Tb0.15Ni2B2C1,7.225
U0.9Np0.1Co1Ga5,7.2
Er1Ni0.973Co0.054B2C1,7.2
Ho1Ni1.998Co0.004B2C1,7.2
La0.1Ce0.9Ru2,7.194
La0.05Ce0.95Ru2,7.181
La2.9579Ce0.0421In1,7.11
Tb0.2Er0.8Ni2B2C1,7.1
La2.96Ce0.04In1,7.01
La1Ru3Os1P12,7
Ge5La1,7
Ho1Ni1.99Fe0.01B2C1,7
La1Os2Ru2P12,7
La1Ru2Os2P12,7
La1Os1Ru3P12,7
Lu3Si5,7
Th1Ni2B2C1,6.966667
Lu0.65Er0.35Ru1B2,6.94
La1Ru4P12,6.923333
La2.9745Gd0.0255In1,6.92
Y4Dy1Os4Ge10,6.9
La5B2C6,6.9
Er0.9Gd0.1Rh4B4,6.88
Er0.91Gd0.09Rh4B4,6.87
La0.95Ce0.05Ru4P12,6.8
La0.92Tm0.08Ru3Si2,6.8
Lu1Si3,6.78
Er1Rh2Ir2B4,6.76
Lu2Ir3Si4.95Ge0.05,6.75
Ho1Ni1.995Co0.01B2C1,6.72
La1Si10,6.7
La1Pt1B1N1,6.7
Tm1Ni1.9Fe0.1B2C1,6.64
Ho0.95La0.05Ni2B2C1,6.62
La1Ru2.94Co0.06Si2,6.62
Ho0.8Dy0.2Ni2B2C1,6.61
Lu5Ir4Si8Ge2,6.6
Th1Pt2B2C1,6.6
Er1Ni1.97Co0.06B2C1,6.6
Ho1.8Dy0.2Ni2B2C1,6.6
Lu4Sc1Ir4Si10,6.59
Ce0.9Pr0.1Ru2,6.55
Ce0.94La0.06Ru2,6.55
La2.92Pr0.18Tl1,6.51
La1Pt2.2B2C1,6.5
As3La4,6.5
Th1Ir1Si1,6.5
Lu0.8Ho0.2Ru1B2,6.46
La1Ru2.85Co0.15Si2,6.45
Er0.25Ho0.75Rh4B4,6.44
Er0.187Ho0.813Rh4B4,6.43
Ho1Rh3.72Ru0.28B4,6.42
Ho1Rh3.6Ru0.4B4,6.42
Ho1Ir2Rh2B4,6.41
Lu0.9Gd0.1Ru1B2,6.4
Lu5Ir4Si9Ge1,6.38
La1Sn3,6.358286
Ho1Rh3Ru1B4,6.35
Ho1Rh2Ir2B4,6.35
Lu2Ir3Si4.98Ge0.02,6.32
Ho1Th3.4Ru0.6B4,6.3
Lu0.6Er0.4Ru1B2,6.295
La0.87Th0.13Sn3,6.26
La1Ru2.97Fe0.03Si2,6.22
Ho0.2Dy0.8Ni2B2C1,6.215
Er1Ni1.9675Co0.065B2C1,6.2
Ce1Ru2Sc1,6.2
Lu2Ir3Si4.75Ge0.25,6.2
La3Pr0.3In1,6.2
Pr1Pt1.5Au0.6B2.4C1.2,6.2
La3Sn1,6.2
Ce0.97La0.03Ru2,6.17
Lu0.81Gd0.19Ni2B2C1,6.155
Er0.134Ho0.866Rh4B4,6.15
Ho1Rh3.4Ru0.6B4,6.14
Ce0.88La0.12Ru2,6.14
Ir2Th1,6.11
Lu1Re1B1C1,6.1
La0.84Tm0.16Ru3Si2,6.1
Lu4.75Sc0.25Ir4Si10,6.06
Lu4.5Sc0.5Ir4Si10,6.06
La1Ru2.76Co0.24Si2,6.04
La2.9602Gd0.0398In1,6.04
Lu1Fe3Si5,6
Lu1Ni1.87Co0.26B2C1,6
Pr1Pt2.1B2.4C1.2,6
Pr1Pt1.5Au0.6B2C1,6
Pr1Pt2B2C1,6
Cu1La1,6
La9Br5B3C6,6
Lu5Ir4Si9.5Ge0.5,6
La2.9706Gd0.0294In1,6
Ce1Ru2,5.998273
Al1La3,5.986667
Ho0.6Dy0.4Ni2B2C1,5.98
Sc4Dy1Ir4Si10,5.95
Er0.16Ho0.84Rh4B4,5.95
La0.987Gd0.013Sn3,5.94
Ce0.91La0.09Ru2,5.91
Ho0.65Dy0.35Ni2B2C1,5.905
Hg1Sm1Pb2,5.9
Er0.775Tb0.225Ni2B2C1,5.9
Tm1Ni1.94Co0.12B2C1,5.9
Tb0.225Er0.775Ni2B2C1,5.9
Er0.11Ho0.89Rh4B4,5.883333
La0.15Ce0.85Ru2,5.872
Th0.9La0.2Ru2,5.87
Ho0.4Dy0.6Ni2B2C1,5.855
Lu4.9Sc0.1Ir4Si10,5.835
Ho0.7Dy0.3Ni2B2C1,5.83
Ga1La3,5.82
Ce0.8Pr0.2Ru2,5.82
Lu5Ir4Si9.8Ge0.2,5.8
Dy0.6Tm0.4Ni2B2C1,5.77
Lu5Ir3.1Rh0.9Si10,5.77
Pr0.95Ce0.05Pt4Ge12,5.75
Lu5Ir3.12Rh0.88Si10,5.74
Lu5Ir3.44Rh0.56Si10,5.72
La2.9394Ce0.0606In1,5.72
Lu5Ir3.4Rh0.6Si10,5.7
Th1Ir1.8Os0.2,5.66
Lu5Ir2.8Rh1.2Si10,5.66
Er0.82Tb0.18Ni2B2C1,5.63
Dy0.95Tb0.05Ni2B2C1,5.61
Al1Gd0.001La3,5.6
Th3Os4Ge13,5.6
La0.06Th0.94Pb3,5.58
La2.94Ce0.06In1,5.58
Pb3Th1,5.55
Tm1Ni1.88Fe0.12B2C1,5.52
Pr0.93Ce0.07Pt4Ge12,5.52
Lu5Ir3.8Co0.2Si10,5.52
Er5Os4Si15,5.5
Th0.93Zr0.07B12,5.5
Lu2Fe3Si5,5.492222
La0.962Tm0.038Sn3,5.49
Th1Rh0.85Si1.15,5.48
Lu5Ir2Rh2Si10,5.45
La2Sn5,5.4
Nd1Rh6B6,5.4
La1Pt4Ge14,5.4
Ce0.85La0.15Ru2,5.35
Lu0.05Dy0.95Ni2B2C1,5.325
Nd1Rh4B4,5.323333
La1Ir1P1,5.3
Lu0.55Er0.45Ru1B2,5.26
La2.706Pr0.294Tl1,5.25
Er0.8Tb0.2Ni2B2C1,5.2
Y3.25Dy1.75Os4Ge10,5.2
Y0.45Dy0.55Ni2B2C1,5.2
Lu2Ir3Si4.5Ge0.5,5.2
La0.92Tm0.08Sn3,5.17
Th1Ir1.6Os0.4,5.15
Ce0.7Pr0.3Ru2,5.11
Er1Ni1.9625Co0.075B2C1,5.1
Lu5Ir4Si6Ge4,5.1
La3Co4Sn12.35In0.65,5.1
Ho1Rh3.6Ir0.4B4,5.09
Lu0.8Dy0.2Ru1B2,5.07
La2.9628Gd0.0372In1,5.04
Dy1Ni2B2C1,5.033571
Re2Th1,5.025
La3Co1Ru3Sn13,5
Ho1Ni1.993Co0.014B2C1,5
La1Pt4Ge15,4.98
Np1Pd5Al2,4.95
Ce0.84Y0.16Ru2,4.92
La2.9Ce0.1Ni2B2N2.7,4.9
Tb0.25Er0.75Ni2B2C1,4.9
Lu4.5Th0.5Ir4Si10,4.88
La3Ru1,4.875
Th1Ir1.8Ru0.2,4.86
Lu0.8Gd0.2Ru1B2,4.84
Lu1.94Sc0.06Fe3Si5,4.83
Y3Dy2Os4Ge10,4.8
Lu5Ir1.2Rh2.8Si10,4.8
Lu1Ni1.85Co0.3B2C1,4.8
La3Ru1Pd3Ge13,4.8
La0.9Ce0.1Ru4P12,4.8
Ho1Ni1.99Co0.02B2C1,4.8
Ce0.8La0.2Ru2,4.77
Lu0.9Tb0.1Ru1B2,4.76
Ce1Ru1.99Co0.01,4.74
Th0.9La0.1Ru2,4.73
Th1Pt4Ge12,4.71
Ir3Th1,4.71
Lu5Ir4Si9.9Ge0.1,4.7
La3Ir2Ge2,4.7
Dy0.9Tb0.1Ni2B2C1,4.7
Ce0.97Gd0.03Ru2,4.69
Ho1Rh2.6Ru1.4B4,4.68
Lu1Os3B2,4.655
La0.933Gd0.067Sn3,4.64
Dy1Ir2Rh2B4,4.64
Er1Ni1.92Fe0.08B2C1,4.63
Pr0.915Ce0.085Pt4Ge12,4.61
Lu2Ir3Si4.25Ge0.75,4.6
La3Co4Sn11.7In1.3,4.6
Lu2Ir2.97Rh0.03Si5,4.6
La1Ru2.94Fe0.06Si2,4.58
Al1Gd0.003La3,4.58
Th0.8Nd0.2Ru2,4.55
Dy0.9Tm0.1Ni2B2C1,4.55
Ce0.84Y0.1Gd0.06Ru2,4.55
Dy1Rh2Ir2B4,4.53
Lu1.94Dy0.06Fe3Si5,4.52
Ho1Ni1.95Co0.03B2C1,4.51
Ce0.86Tb0.14Ru2,4.51
Lu4.95Sc0.05Ir4Si10,4.5
Gd1Sm1Ni2,4.5
Ho5Os4Si15,4.5
Sc3.5Dy1.5Ir4Si10,4.465
La1Tl0.24Pb2.76,4.46
Th0.9La0.3Ru2,4.45
Er0.75Tb0.25Ni2B2C1,4.45
Th1Rh4B4,4.448
Pr1Pt4Ge11.5Sb0.5,4.43
Lu2Ir3Si5,4.425
La2.9251Ce0.0749In1,4.42
La1Ni0.84Bi2.04,4.41
Th1Ir1.4Os0.6,4.41
Er0.8Gd0.2Rh4B4,4.41
Tm1Ni1.92Co0.16B2C1,4.4
La2Rh3Si5,4.4
Tm1Ir2Rh2B4,4.38
Lu0.418Dy0.582Ni2B2C1,4.35
La1Rh1Si1,4.35
La0.9837Ce0.0163Sn3,4.33
Lu1.9Sc0.1Fe3Si5,4.33
Lu0.6Tm0.4Ru1B2,4.31
Y0.15Dy0.85Ni2B2C1,4.3
Dy1Rh1.6Ir2.4B4,4.3
La2.9553Gd0.0447In1,4.3
Lu0.4Dy0.6Ni2B2C1,4.3
La0.92Gd0.08Sn3,4.28
La0.3Nd0.7Pt2.1B2.4C1.2,4.28
La0.2Ce0.8Ru2,4.227
Co1La3,4.226667
Dy1Ni0.74Bi1.78,4.2
Ce1Ni0.8Bi2.03,4.2
Tb1Ni0.74Bi1.9,4.2
Sm1Ni0.78Bi2.08,4.2
Nd1Ni0.72Bi2.14,4.2
Pr1Ni0.79Bi1.98,4.2
Gd1Ni0.72Bi1.91,4.2
Er1Ni1.96Co0.08B2C1,4.2
Er0.76Gd0.24Rh4B4,4.18
La0.908Tm0.092Sn3,4.18
La0.9Y0.1Co2B2,4.175
Lu1.9Y0.1Fe3Si5,4.16
Ce1Ni0.8Bi2,4.15
Pr0.9Ce0.1Pt4Ge12,4.11
Ce1Ni0.86Bi2,4.1
Lu5Ir4Si9.95Ge0.05,4.1
Dy1Ni1.995Co0.01B2C1,4.1
Gd0.06In1La2.94,4.1
Nd1Ni0.89Bi2,4.1
La1Pb3,4.086667
Ce1Pt0.1Ru1.9,4.08
La1Ni0.72Bi2,4.05
La2.9234Ce0.0766In1,4.02
La1Ni0.65Bi2,4
Lu4Rh6Sn19,4
La3Co2Ru2Sn13,4
Lu4.975Sc0.025Ir4Si10,4
Lu1Rh1.2Sn4,4
Tb1Re1B1C1,4
Gd1Re1B1C1,4
La1Co1.4Fe0.6B2,4
Dy1Th3.4Ru0.6B4,4
Tm1Ni1.84Fe0.16B2C1,3.99
Th1Ru3.5Si2,3.98
Th1Ru3Si2,3.98
La0.25Th0.75Sn3,3.94
Au22La78,3.934
La1Ru2P2,3.933333
Ir5Th1,3.93
La2.574Pr0.426Tl1,3.92
Al1Ce0.01La3,3.92
La3Ru4Ge13,3.9
La1Ru1.5Sn4.5,3.9
Lu4.5Y0.5Ir4Si10,3.9
Fe1U6,3.88875
La1Pt1Si1,3.833333
Dy1Rh2.4Ir1.6B4,3.83
Lu5Ir4Si10,3.82
Th1Ir0.75Si1.25,3.82
Lu2Ir2.91Rh0.09Si5,3.8
Y2.5Dy2.5Os4Ge10,3.8
Lu1Ni1.83Co0.34B2C1,3.8
Co20Th80,3.8
La75Au15Cu10,3.795
Lu1.9Dy0.1Fe3Si5,3.77
La0.936Gd0.064Sn3,3.76
La6Zn1Sb15,3.74
Th1Ir0.6Os1.4,3.73
Lu5Rh4Si10,3.72
La0.99Nd0.01Pt1Si1,3.71
La1Ru2,3.7032
Eu1Pt1Si3,3.7
Ho1Ni1.98Co0.04B2C1,3.7
Ni25Th75,3.7
Ge1La3,3.7
La2.55Pr0.45Tl1,3.68
Ru2Th1,3.68
La0.95Ce0.05Ru2,3.616
Th1Ir1Os1,3.61
Lu2Ir3Si4Ge1,3.6
Lu3Os4Ge13,3.6
La1Sn2,3.6
Sn3Yb1,3.6
La3Ni1,3.6
Lu0.37Dy0.63Ni2B2C1,3.59
Th1Ir0.4Os1.6,3.56
Lu1.86Y0.14Fe3Si5,3.51
Lu1.86Sc0.14Fe3Si5,3.51
Dy5Os4Si15,3.5
Ce1Os3B2,3.5
Ce1Ru1.97Co0.03,3.5
La3Rh2Ge2,3.5
La1Ru2Si2,3.5
Lu1Os2,3.49
La2.952Gd0.048In1,3.48
La0.9709Ce0.0291Sn3,3.47
Cu1Th2,3.465
La0.1Nd0.9Pt2.1B2.4C1.2,3.45
Pr0.86Ce0.14Pt4Ge12,3.43
Dy0.8Tm0.2Ni2B2C1,3.42
La0.98Nd0.02Pt1Si1,3.42
Ce1Pt0.2Ru1.8,3.4
Yb3Co4.3Sn12.7,3.4
La1Pt1Ge1,3.4
Ce0.93Gd0.07Ru2,3.38
Lu1Ni0.8Cu0.2B1C1,3.38
Au1Th2,3.365
Th1In0.75Sn2.25,3.36
Ce1Ir3,3.34
Sn3Th1,3.33
La0.84Tm0.16Sn3,3.33
Ce0.84Y0.06Gd0.1Ru2,3.32
Cr0.2Fe0.8U6,3.3
La0.84Sn3Tm0.16,3.3
La0.95Pr0.05Pb3,3.3
N1Th1,3.3
Lu1Ni0.9Cu0.1B1C1,3.3
La1Ru4Sb12,3.293333
La0.97Nd0.03Pt1Si1,3.27
La1Pd0.8Sb2,3.25
Dy0.75Tb0.25Ni2B2C1,3.24
La0.98Gd0.02Ru2,3.23
La1Pt0.9Ni0.1Si1,3.23
La1Al2,3.23
Th1Ir0.8Os1.2,3.22
La0.9997Ce0.0003Pt1Si1,3.2
Lu1.9Sc0.1Ir3Si5,3.2
La3Pr0.6In1,3.2
Tm1Ni1.91Co0.18B2C1,3.2
La1Os4As12,3.2
Lu1Ni1B0.8C1.2,3.2
Tb5Os4Si15,3.2
Lu4Ir6Sn19,3.2
La0.25Ce0.75Ru2,3.196
Th1Ir1.2Os0.8,3.16
La3Ru8B6,3.15
Tm1.4Y3.6Rh6Sn18,3.14
Pt5Th1,3.13
La1Ru2.925Fe0.075Si2,3.12
Er1Ni1.9Co0.1B2C1,3.1
Th1Ir0.2Ru1.8,3.1
La1Ir1As1,3.1
Lu1.92Sc0.08Ir3Si5,3.1
La3Rh4Sn13,3.1
Lu2Ir2.7Rh0.3Si5,3.1
Dy1Ni1.99Co0.02B2C1,3.1
Lu1Ir2Rh2B4,3.08
Y0.4Lu0.6Ir4B4,3.07
Pd2Y0.25Tm0.75Sn1,3.06
Pd2Lu1Sn1,3.05
Th0.9La0.9Ru2,3.05
La0.96Nd0.04Pt1Si1,3.04
Y0.2Lu0.8Ir4B4,3.04
La0.9647Ce0.0333Sn3,3.03
La2Sb1,3.025
La0.9Ce0.1Ru2,3.012
Ho0.93La0.07Ni2B2C1,3
B6Nd1,3
La3Rh2Sn13,3
Fe0.25Ni0.75U6,3
Lu4.98Yb0.02Ir4Si10,3
Y0.3Lu0.7Ir4B4,2.98
Dy1Ga6,2.95
Lu1Ni0.9V0.1B1C1,2.94
Lu0.55Tm0.45Ru1B2,2.94
Th1Ir0.2Os1.8,2.93
Nd1Pt2.1B2.4C1.2,2.91
Lu1Pd2Sn1,2.91
Lu1Rh2Sn1,2.9
La0.9985Tb0.0015Al2,2.9
La1Al1.995Si0.005,2.9
Lu1Ni1B0.9C1.1,2.9
Lu1Ni1.81Co0.38B2C1,2.9
Ir3Lu1,2.89
Th1Ir1.6Ru0.4,2.87
Th1Ir0.6Ru1.4,2.87
Th1Ir0.4Ru1.6,2.87
La1Pd0.8Bi2,2.865
Si2Th1,2.862
Y2Dy3Os4Ge10,2.86
Lu4.5Tm0.5Ir4Si10,2.84
Dy1Rh2.8Ir1.2B4,2.82
La1Pt0.8Ni0.2Si1,2.82
Pd2Tm1Sn1,2.82
La3Co4Ge13,2.8
Lu1.96Sc0.04Ir3Si5,2.8
La1Pd0.6Ge0.14,2.8
Al1Gd0.0065La3,2.79
Tm0.8Lu0.2Fe3Si5,2.79
Lu5Rh4Ge10,2.79
Lu1Ni1B1C1,2.786667
La0.999Gd0.001Al2,2.78
La1Pt0.7Ni0.3Si1,2.775
La0.95Nd0.05Pt1Si1,2.76
Th1Ir0.1Si1.9,2.75
Lu4.5Er0.5Ir4Si10,2.74
La0.97Gd0.03Ru2,2.73
La2.9451Gd0.0549In1,2.71
Mn0.67Ni0.33U6,2.7
La1Pd1Sb2,2.7
Pr1Pt4Ge11Sb1,2.68
Lu1Ir3.6Rh0.4B4,2.67
Lu1Os1B2,2.66
Am0.01Si2Th1,2.66
La3Ru4Sn13,2.65
Pd2Yb1Pb1,2.65
Sm1Rh4B4,2.6475
La1Pt0.6Ni0.4Si1,2.63
La1Pd1Si3,2.625
Tm4Y1Rh6Sn18,2.61
Lu1Ni1.8Co0.4B2C1,2.6
Lu1Ni1B0.8C1,2.6
Lu1Ni0.8V0.2B1C1,2.6
La1Ni2P2,2.6
Ge2Lu1,2.6
Er1Ni1.955Co0.09B2C1,2.6
Al2Th3,2.6
Tm4Os4Si13,2.6
Th3Ir4Sn13,2.6
Yb1Ga1.15Si0.85,2.6
Lu1Ni1B0.9C1,2.6
La1Rh3,2.6
La7Rh3,2.59
Er0.6Y0.4Pd2Sn1,2.59
La0.9Pr0.1Pb3,2.58
La1Rh3B2,2.57
La0.94Nd0.06Pt1Si1,2.56
Ce0.8Tb0.2Ru2,2.56
La3Ir4Sn13,2.55
Lu5Ir4Ge10,2.55
La1Pb0.75Sn2.25,2.54
Th1Ir0.8Ru1.2,2.53
Th1Ir1Ru1,2.53
La1Ru2.9175Fe0.0825Si2,2.51
Er0.72Gd0.28Rh4B4,2.5
La1Rh1P1,2.5
Lu2Ir2.4Rh0.6Si5,2.5
Ga6Tb1,2.5
Bi1La4Pb2,2.5
Yb3Co4Sn13,2.5
Lu1Ni1B0.95C0.95,2.5
La3Pd4Ge4,2.493333
Lu0.1Dy0.9Ni2B2C1,2.485
Ir2Lu1,2.47
Mn1U6,2.4525
Al2Gd0.002La0.998,2.45
La0.85Ce0.15Ru2,2.444
Tm0.84Lu0.16Fe3Si5,2.44
La3Co4Sn13,2.425
Si1Th1,2.41
La3Co3.5Ru0.5Sn13,2.41
Yb1Ga1.1Si0.9,2.4
Lu1Ni1B1C0.85,2.4
La0.996Tb0.004Al2,2.4
La13Ga8Sb21,2.4
La2.406Pr0.594Tl1,2.4
Pd2Lu1Pb1,2.4
Ce1Ru1.95Co0.05,2.4
Lu1Ru2Si2,2.4
La1Rh1Al1,2.4
Lu1Ni1B1.1C0.9,2.4
Bi1.5La4Pb1.5,2.4
Ho1Ni1.972Co0.056B2C1,2.4
La0.998Gd0.002Al2,2.39
Pd2Yb1Sn1,2.39
Pr1Ru4As12,2.3825
La1Rh1Bi1,2.36
Th1Ir1.3Os0.7,2.36
Co1U6,2.358
La5Ru2,2.35
La7Ir3,2.33
Lu3Ru4Ge13,2.3
Pr1Th3.4Ru0.6B4,2.3
Tm4Rh6Sn19,2.3
La1Ir1Si1,2.3
Lu3Rh4Ge13,2.3
Dy0.85Tm0.15Ni2B2C1,2.3
Bi2La4Pb1,2.3
La0.93Nd0.07Pt1Si1,2.29
La1Pt0.5Ni0.5Si1,2.285
Ir3La7,2.28
La0.96Gd0.04Ru2,2.27
Th7Fe0.72Co2.28,2.27
Ce1Co1In4.9992Hg0.0008,2.254
Ce1Co1In4.9976Hg0.0024,2.252
Ce1Co0.9Ru0.1In5,2.25
Ho0.9La0.1Ni2B2C1,2.25
La6Ni2Sn1,2.25
Ga3Lu1,2.25
Th1Ir0.1Os1.9,2.25
La1Rh1Si3,2.245
Ce1Co1In4.9945Cd0.0055,2.226
Ag1Th2,2.225
Er1Ir4B4,2.22
Tm5Rh6Sn18,2.22
Al2La1,2.218429
Th1Ir2Si2,2.215
Ce1Co1In4.996Sn0.004,2.21
Ho1Rh1.6Ir2.4B4,2.2
Co0.92Mn0.08U6,2.2
La3Rh4Pb13,2.2
Ce1Co0.8Ru0.2In5,2.18
Ce1Co1In4.989Cd0.011,2.18
Ge1.83La1,2.17
Ge1.85La1,2.17
Ge1.9La1,2.17
Ge1.81La1,2.17
Er1Ni1.9Fe0.1B2C1,2.155
Rh3Th7,2.15
Ce1Co1In4.9835Cd0.0165,2.15
Th1Rh0.1Si1.9,2.15
Ce1Co1In4.875Zn0.125,2.14
Ce1Co1In4.98Cd0.02,2.14
La0.3Ce0.7Ru2,2.134
Ce0.987Yb0.013Co1In5,2.13
Ce1Co1In4.75Cd0.25,2.13
Ir5La1,2.13
Ce1Co0.7Ru0.3In5,2.13
Ho1.1Ir4B3.6,2.12
Er1Rh1.6Ir2.4B4,2.11
Ce1Pt2In7,2.1
Pd2Tm1Pb1,2.1
Dy1Ni1.985Co0.03B2C1,2.1
La7Ni3,2.1
La1Pd0.85Bi2,2.1
La1Rh1Sb1,2.1
Th1Ir3B2,2.09
Er0.8Y0.2Pd2Sn1,2.08
Th1Ir1.4Ru0.6,2.08
Tm1Rh1.3Sn4,2.07
La3Pd4Si4,2.065
Yb1Pd2Sn1,2.06
Ce1Au2Si2,2.051667
B6La1,2.05
Ce1Co1In4.96Cd0.04,2.05
La0.92Nd0.08Pt1Si1,2.04
Ce1Rh0.9Ir0.1In5,2.04
Ce1Co1In5,2.037308
La0.9991Ce0.0009Pt1Si1,2.03
Fe3Th7,2.016667
La0.8Ce0.2Ru2,2.01
Ce0.98La0.02Co1In5,2
Ce1Ir0.3Co0.7In5,2
Co0.94Rh0.06U6,2
Er0.4Tb0.6Ni2B2C1,2
Lu4.95Yb0.05Ir4Si10,2
Lu0.32Dy0.68Ni2B2C1,2
Lu0.3Dy0.7Ni2B2C1,2
Lu1Ru4B4,2
Ho1Ir4B4,2
Er0.7Tb0.3Ni2B2C1,2
La1Ru2P1.6B0.4,2
La0.9941Tb0.0059Al2,1.996
La2Ir3Si5,1.99
Ge2La1,1.976667
Ni3Th7,1.975
U0.98Th0.02Pd2Al3,1.97
Tm5Rh4.8Co1.2Sn18,1.97
Ce0.875Yb0.125Co1In5,1.97
La1Ni1Ga2,1.97
La1Ni1B1N1,1.96
Ce0.95Nd0.05Co1In5,1.95
La1Pt1.8Ge2.2,1.95
La3Co2Sn13,1.95
Ce0.95Yb0.05Co1In5,1.945
La1Pt0.4Ni0.6Si1,1.945
La3Pr0.75In1,1.94
U0.99Pd2Al3,1.94
Ce1Ru1.93Co0.07,1.93
Ce1Co1In4.945Cd0.055,1.92
Tm1Pd2Sn1,1.92
La0.98Pr0.02Ru2,1.92
La0.9481Ce0.0519Sn3,1.92
La1Rh1Sn1,1.916667
Th3Rh4Sn13,1.9
Ho1Ir3.6Rh0.4B4,1.9
Lu1Pt2Si2,1.9
Ce0.98Yb0.02Co1In5,1.89
Ce1Rh0.07Co0.93In5,1.89
La0.997Gd0.003Al2,1.89
U1Be12.9896B0.0104,1.89
Lu4.5Ho0.5Ir4Si10,1.89
U1.01Pd2Al3,1.88
La0.85Pr0.15Pb3,1.88
Ge1.8La1,1.87
U1Pd2Al3,1.864
La0.9462Ce0.0538Sn3,1.86
La1Pt1.85Ge2.15,1.86
Ce1Co1In4.97Sn0.03,1.86
Ce1Co0.95Ni0.05In5,1.86
La2Rh3Sn5,1.85
Ce0.916Yb0.084Co1In5,1.84
Ce0.965La0.035Co1In5,1.84
La7Ru3,1.835
Er1Ir3.6Rh0.4B4,1.83
Ce1Ir5,1.82
Ce1Co1In4.75Zn0.25,1.82
Co3Th7,1.815
Pr0.95La0.05Os4Sb12,1.815
Lu4Os6Sn19,1.8
Pr1Ru4P12,1.8
Pr0.98La0.02Os4Sb12,1.8
Ce1Co0.6Ru0.4In5,1.8
Tm2Rh3Sn5,1.8
Th1Ru3B2,1.79
Ce0.9Yb0.1Co1In5,1.78
Ce1Co1In7.65Zn0.35,1.78
Dy1Rh3.2Ir0.8B4,1.78
Ce1Co0.5Ru0.5In5,1.77
Pr0.8Ce0.2Pt4Ge12,1.767
La1Tl1.5Pb1.5,1.75
La0.91Nd0.09Pt1Si1,1.73
Pr0.9Nd0.1Os4Sb12,1.73
Ce1Rh0.13Co0.87In5,1.73
Pr0.8La0.2Os4Sb12,1.7225
Pr1Pt4Ge10.5Sb1.5,1.71
Pr0.9La0.1Os4Sb12,1.7
Lu1Re2,1.7
Co1U1,1.7
Ce1Co0.925Ni0.075In5,1.69
Ce0.95La0.05Co1In5,1.68
Tm1Ir4B4,1.675
La1Pt1.9Ge2.1,1.67
La0.9989Ce0.0011Rh3B2,1.67
U1Be12.9701B0.0299,1.66
La1Rh2Si2,1.658
La1Pt0.3Ni0.7Si1,1.655
Pr1Os3.8Ru0.2Sb12,1.655
Ce1Rh1In5,1.652222
Tm0.9Lu0.1Fe3Si5,1.65
La1Ir3B2,1.65
La0.35Ce0.65Ru2,1.647
U1Pd2Al2.97Ga0.03,1.64
Dy1Rh1.2Ir2.8B4,1.63
La1Rh5,1.62
La0.95Gd0.05Ru2,1.61
La0.992Tb0.008Al2,1.61
Pr1Os4Sb12,1.60125
Ce1Co0.5Rh0.5In5,1.6
Al2Ge2U1,1.6
Ce0.9La0.1Rh1In5,1.6
Er0.9Y0.1Pd2Sn1,1.6
Ho1Rh2.4Ru1.6B4,1.6
La1Si2,1.6
La5Si3,1.6
Nd1Pt1.5Au0.6B2C1,1.6
Ni1Sm1,1.6
Mn0.33Ni0.67U6,1.6
Tm1Ni1.88Co0.24B2C1,1.6
Pr1Os3.6Ru0.4Sb12,1.6
La3Ru2Sn13,1.58
Tm5Rh3.6Co2.4Sn18,1.57
Ge1.78La1,1.57
Ce1Rh0.2Co0.8In5,1.57
La1Tl3,1.566667
Ce1Co1In4.94Sn0.06,1.565
Ce1Rh0.29Co0.71In5,1.56
Lu1Ru2,1.545
Pr0.6La0.4Os4Sb12,1.542
Ce1Ir1Si3,1.53
Pr1Os3.4Ru0.6Sb12,1.53
Pr0.7La0.3Os4Sb12,1.528
Pr0.8Nd0.2Os4Sb12,1.52
Ir3Th7,1.52
Ce1Ir0.75Co0.25In5,1.52
La1Pt1Si3,1.52
U1Pd2Al2.94Ga0.06,1.51
Th0.67Nd0.33Ru2,1.51
Os3Th7,1.51
Th1Ir2Ge2,1.51
Co0.96Mo0.04U6,1.5
Ce1Rh0.6Co0.4In5,1.5
La1Ir2Ge2,1.5
Lu4.93Yb0.07Ir4Si10,1.5
Lu4Co6Sn19,1.5
La1Pt3P1,1.5
Eu1Th3.4Ru0.6B4,1.5
La0.9989Ce0.0011Pt1Si1,1.5
La1Tl1.5Sn1.5,1.5
Pr1Os3.2Ru0.8Sb12,1.49
Tm1Ir3.6Rh0.4B4,1.48
La7Pd3,1.48
Pr0.75Nd0.25Os4Sb12,1.48
La1Ir1Si3,1.473333
La0.76Ce0.24Ru2,1.468
La0.76Th0.24Pb3,1.46
Th1Ir1.2Ru0.8,1.45
Al1Ce0.0165La3,1.45
La1Pd2Ge1.92Sn0.08,1.44
La1Pt2Si2,1.4325
Ce1Rh0.4Co0.6In5,1.43
La0.9911Tb0.0089Al2,1.425
Ce1Rh0.3Co0.7In5,1.42
Ce0.25La0.75Ru2,1.42
Nd0.4Ce0.85Co1In5,1.42
La0.9Nd0.1Pt1Si1,1.42
Ce1Co0.875Ni0.125In5,1.41
Ho1Os1.2Sn2.5,1.4
Tb1Os1.5Sn2.6,1.4
Pr1Pt4Ge9Sb3,1.4
Fe0.75Ni0.25U6,1.4
Ce1Rh0.5Co0.5In5,1.4
Ce0.837Yb0.163Co1In5,1.4
Ho4Os6Sn19,1.4
Pr1Pt4Ge8Sb4,1.4
La3Pd5Si1,1.4
Ge1U7,1.4
Tb4Os6Sn19,1.4
Tm2Fe3Si5,1.3825
Ce1Rh0.35Co0.65In5,1.38
Ce1Rh0.23Co0.77In5,1.38
La0.996Gd0.004Al2,1.38
La1Tl2.19Pb0.81,1.37
Er1Rh1.1Sn3.6,1.36
Ce1Co1In4.5Cd0.5,1.35
Al2Si2U1,1.34
La0.8Pr0.2Pb3,1.34
Sn19Er4Rh6,1.32
Ce1Cu2Ge2,1.32
Ce0.925La0.075Co1In5,1.31
Sb2Yb1,1.3
La1Pd2Sb2,1.3
Yb1Sb2,1.3
Er1Os1.1Sn2.7,1.3
La0.4Ce0.6Ru2,1.3
Ho0.8La0.2Ni2B2C1,1.3
Ce1Pd1Bi1,1.3
La1Pt2Ge1.8Sn0.2,1.3
Dy1Rh0.56Ir3.44B4,1.29
U0.9Th0.1Pd2Al3,1.28
La0.72Ce0.28Ru2,1.278
La1Pt0.1Ni0.9Si1,1.275
Pr1Pt4Ge10Sb2,1.27
Tm5Rh2.4Co3.6Sn18,1.27
Pr0.7Nd0.3Os4Sb12,1.27
Ho1Rh0.8Ir3.2B4,1.26
Er0.95Y0.05Pd2Sn1,1.26
Er4Os6Sn19,1.25
La1Pd2Ge1.9Sn0.1,1.25
Ce0.65Pr0.35Ru2,1.25
Ce1Ru3Si2,1.25
Er1Pd1Bi1,1.24
La2.25Pr0.75Tl1,1.24
U1Ru2Si2,1.231538
La1Ni1Si1,1.23
Ce1Co1In4.92Sn0.08,1.22
Ce0.9La0.1Co1In5,1.22
Ce1Rh0.3Ir0.7In5,1.2
U0.85La0.15Pd2Al3,1.2
Er4Rh6Sn19,1.2
U1Pd1.98Al3,1.2
Ce1Rh1In4.84Sn0.16,1.2
U0.7La0.3Pd2Al3,1.2
Lu1B2C2,1.2
La1Ir2Si2,1.198333
La1In1.5Sn1.5,1.19
Ce0.85Yb0.15Co1In5,1.19
La1Tl0.75Sn2.25,1.19
La1Pb1.5Sn1.5,1.18
La1N1,1.175
Pr0.4La0.6Os4Sb12,1.172
Er1Pd2Sn1,1.17
Dy1Rh0.8Ir3.2B4,1.17
Yb1Pd2Ge2,1.17
U0.99Gd0.01Pd2Al3,1.16
Pr1Os0.2Ru3.8Sb12,1.16
La0.967Pr0.033Tl3,1.16
Pr1Os2.4Ru1.6Sb12,1.16
U1Ni2Al2.98,1.155
U1Pd2Al2.85Ga0.15,1.15
U0.98Ni2Al3,1.145
U1Ni2.02Al3,1.14
U1Ni2Al3.02,1.135
U1Ni1.98Al3,1.13
Ce1Co2,1.1125
U0.99Y0.01Pd2Al3,1.11
La1Pb2.25Sn0.75,1.11
Th1Pt2Si2,1.1
Th1Rh2Ge2,1.1
U1Ir2Si2,1.1
Tm4Os6Sn19,1.1
Th1Pt2Ge2,1.1
Th1Os2Ge2,1.1
Th1Ru2Ge2,1.1
Th1Pd2Si2,1.1
U1Rh2Si2,1.1
Th1Os2Si2,1.1
Th1Ru2Si2,1.1
U1Ir2Ge2,1.1
U1Rh2Ge2,1.1
Th1Rh2Si2,1.1
Th1Pd2Ge2,1.1
Ag1La1,1.073333
Th7Fe1.86Co1.14,1.07
Rh5Th1,1.07
La0.9978Ce0.0022Rh3B2,1.07
La1Tl2.25Sn0.75,1.05
Th7Fe2.43Ni0.57,1.05
La1Mg2,1.05
Pr1Os2.8Ru1.2Sb12,1.05
Ce1Ir1In4.996Sn0.004,1.043
La1Zn1,1.04
La1Pd2Ge2,1.04
Pr1Os0.4Ru3.6Sb12,1.04
Th1In1.5Sn1.5,1.03
U1Ni2Al3,1.021
Ce1Co1In4.9Sn0.1,1.02
Pr0.75Ce0.25Pt4Ge12,1.015
Pr0.55Nd0.45Os4Sb12,1.01
Sn18.59Er4.41Rh6,1
Lu4.5Dy0.5Ir4Si10,1
La1Ni1Sb2,1
Lu1Pt1Bi1,1
Fe14.3U85.7,1
Ce1Ir1In4.955Hg0.045,0.993
Ge3U5,0.99
U1Be12.9558B0.0442,0.988
Pr0.2La0.8Os4Sb12,0.9865
Fe22U78,0.98
Sn18.43Er4.57Rh6,0.97
La1Pd2As2,0.97
Ce1Ir1In4.973Hg0.027,0.955
Pr1Os0.6Ru3.4Sb12,0.955
La1Pt1.94Ge2.06,0.95
Tm5Ir4Si10,0.95
Pr1Ru4Sb12,0.945
Ce1Rh0.55Ir0.45In5,0.94
La0.988Tb0.012Al2,0.94
Al3Yb1,0.94
La0.995Gd0.005Al2,0.932
Ce0.8Yb0.2Co1In5,0.92
Ce1Rh0.75Ir0.25In5,0.92
Be13U1,0.917755
Ce1Rh1Si3,0.914
Ce1Rh0.4Ir0.6In5,0.91
La1Os4P12,0.9
La1Cu1Sb2,0.9
La1Bi1Pt1,0.9
Ce1Ir0.987Pt0.013In5,0.897
Pr0.6Nd0.4Os4Sb12,0.89
Ce1Co0.8Ni0.2In5,0.88
Ce1Rh0.5Ir0.5In5,0.875
Nd0.4Ce0.6Co1In5,0.87
Ce1Co1In4.88Sn0.12,0.87
Ga2Ge2U1,0.87
Th1Tl3,0.87
Ce1Co1.95,0.87
Ce0.875La0.125Co1In5,0.86
Ce1Co1.85,0.86
La1Pd2Al3,0.85
Pr1Os1Ru3Sb12,0.84
Ir1Lu2,0.84
La1Pt1.97Ge2.03,0.83
U1Pd2.02Al3,0.83
La1Pd2Ge1.96Sn0.04,0.82
Ce1Rh0.45Ir0.55In5,0.82
Ce2Rh1In8,0.8125
La1Os4Sb12,0.80775
Pr1Os2Ru2Sb12,0.805
Pr1Os1.2Ru2.8Sb12,0.805
Ce1Ir1Ge3,0.805
La0.75Pr0.25Pb3,0.8
La0.93Pr0.07Tl3,0.8
La1Sb2,0.8
Ce1Ir1In4.986Sn0.014,0.8
Co14.3U85.7,0.78
Ce0.85La0.15Co1In5,0.78
Ir3Lu7,0.78
Ce1Ir1In5,0.770429
Al1Ce0.017La3,0.77
U1Pd2Al2.55Ga0.45,0.76
Bi1La2,0.76
Pr1Os1.6Ru2.4Sb12,0.755
La1In2.25Sn0.75,0.75
Ce1Ir0.65Co0.35Si3,0.75
Ce1.01Pt3Si1,0.75
Al3Th1,0.75
Pd1Th2,0.75
La1Pd2P2,0.75
Th1Pt3B1,0.75
Nd0.4Ce0.83Co1In5,0.74
Ce1Pd5Al2,0.735
Ce1Ir0.978Pt0.022In5,0.734
La0.6Ce0.4Ru2,0.727
Ce1Pt2.97Si1,0.72
Ho1Rh4B4,0.7
Ce1Cu2.05Si2,0.7
Nd1Pt4Ge12,0.7
In3La1,0.7
Pr1Pt4Ge9.5Sb2.5,0.69
Ce2Pd1In8,0.69
Au64Ge22Yb14,0.68
Ce1Co1Ge3,0.676667
Be13U0.9934Th0.0066,0.67
Ce1Rh0.2Ir0.8In5,0.67
La1In0.75Sn2.25,0.67
Th2Zn1,0.67
Lu1Pd2Si2,0.67
Ce1Pt3Si1,0.669222
La0.46Ce0.54Ru2,0.668
U1Co1Ge0.98Si0.02,0.667
Ce1Ir1In4.97Sn0.03,0.66
U0.9911Th0.0089Be13,0.66
Be13U0.9899Th0.0101,0.65
Ce1Cu2Si2,0.6497
Bi3La5,0.64
Ce1Co0.5Ir0.5In5,0.64
U0.92Gd0.02Pd2Al3,0.64
Ce1Pt3Si0.97Ge0.03,0.63
Ce1Rh0.25Ir0.75In5,0.63
U0.99Th0.01Be13,0.624
Ce1Ir0.8Co0.2Si3,0.62
Ce1Rh0.6Ir0.4In5,0.62
Ce1Cu2.53Si2,0.62
Ce1Cu1.95Si2.01,0.62
U1Pd2Al3.03,0.61
U0.97Th0.03Be13,0.602667
Ce1.025Cu2Si2,0.6
Co28U72,0.6
U0.4La0.6Pd2Al3,0.6
U1Co1Ge1,0.5995
Be13U0.9755Th0.0245,0.59
La1Ir2Zn20,0.59
La1Ni1Sn1,0.59
U0.974Th0.026Be13,0.58
Ga2La1,0.575
U0.9981Th0.019Be13,0.573
Lu1Sn1Ge1,0.57
Ce0.99La0.01Pt3Si1,0.57
U0.9622Th0.0378Be13,0.557
Ce1Co1In4.86Sn0.14,0.556
Ge2U1,0.55
Ce1Ru3B2,0.55
Be13U0.9645Th0.0355,0.55
La0.901Pr0.099Tl3,0.55
U0.962Th0.038Be13,0.546
Ce1Pt2.94Ni0.06Si1,0.545
U1Co1Ge0.96Si0.04,0.541
Ni1U6,0.54
U0.978Th0.022Be13,0.539
U0.957Th0.043Be13,0.5315
Ni14.3U85.7,0.53
U0.983Th0.017Be13,0.525
Pt3U1,0.523364
Ce1Cu2Si1.98Ge0.02,0.52
U1Pd2Al2.7Ga0.3,0.52
U0.9822Th0.0178Be13,0.519
U0.9815Th0.0185Be13,0.519
U1.02Ni2Al3,0.51
Ce1Pt3Si0.94Ge0.06,0.50525
Lu1Rh5,0.49
Pt3Th7,0.49
Be13U0.9807Th0.0193,0.48
La3Ni4Si4,0.48
La1Pt2Ge2,0.48
U1Pt2.997Pd0.003,0.4785
Ce1Ir1In4.946Hg0.054,0.476
Ce1Pt2.82Ni0.18Si1,0.473
Ce1Ru0.1Co1.9,0.47
Ce1Co1.67Rh0.33,0.47
Er2Fe3Si5,0.465
U0.9545Th0.0455Be13,0.46
Ce1Co1.67Ni0.33,0.46
Ce1Ni1Ge3,0.455
Ce1Ge2Rh1,0.45
Pt1Th1,0.44
B12Lu1,0.435
Ce1Ir0.956Pt0.044In5,0.429
U1Co1Ge0.94Si0.06,0.423
Ce1Pd2Si2,0.421
U0.9535Th0.0465Be13,0.415
U1Pt2.994Pd0.006,0.41
Ce2Co1In8,0.4
Ce0.98Th0.02Pt3Si1,0.4
La2Ni1Ge3,0.394
La1Pd2Si2,0.39
Ce1Cu2Si1.96Ge0.04,0.385
La0.9973Ce0.0027Rh3B2,0.38
U0.948Th0.052Be13,0.38
B6Th1,0.37
La0.7Pr0.3Pb3,0.37
La3Ni4Ge4,0.37
Ce1Pt3.03Si0.97,0.37
Ir1Th1,0.37
Au63.5Ge20.5Yb16,0.36
Rh1Th1,0.36
Ce1Rh2Si2,0.356667
Ce1Rh0.1Ir0.9In5,0.35
Ce1Ru0.2Co1.8,0.35
La1Ni2Ge2,0.345
U1Pt2.991Pd0.009,0.345
U0.9397Th0.0603Be13,0.344
U1Pd2Al2.4Ga0.6,0.33
Ce3Pt1In11,0.32
Ce1Pt3Si0.9Ge0.1,0.31
La1Pt3Si1,0.3
Pr0.65Ce0.35Pt4Ge12,0.29
U1Co1Ge0.92Si0.08,0.288
Pr0.25La0.75Ir2Zn20,0.28
Ce1Cu2Si1.92Ge0.08,0.27
Ce1Ru0.3Co1.7,0.27
La4Sb3,0.25
U1Rh1Ge1,0.244
U1Pt2.988Pd0.012,0.24
Ir2La1,0.24
In3Lu1,0.24
Pb3Yb1,0.23
U1Ru1.99Re0.01Si2,0.23
La1Pt2,0.23
Ce1Rh0.65Ir0.35In5,0.22
Ce2Ni3Ge5,0.22
Ce1Ni2Ge2,0.216667
Th1In2.25Sn0.75,0.21
La1Ru2Zn20,0.2
Ce1Cu2Si1.88Ge0.12,0.2
Cu6Th1,0.2
Ce1Cu2Si1.9Ge0.1,0.2
Ce1Ir1In4.875Cd0.125,0.194
Pr1Ti2Al20,0.19
Au1Lu1,0.185
Co1Lu3,0.175
Ce1Cu2Si1.8Ge0.2,0.1675
U1Ni1.95Al3.05,0.16
Bi1.5La4Sb1.5,0.158
Bi3La4,0.155
U1Co1Ge0.9Si0.1,0.153
Ce0.985La0.015Pt3Si1,0.15
Ir1U1,0.14
Ce1Pt1Si2,0.14
Ce1In3,0.13
La3Sb3Y1,0.13
Ce1Cu2Si1.7Ge0.3,0.1
Pr0.73La0.27Ir2Zn20,0.093
Yb1Al1B4,0.08
Ru3U1,0.0725
Pr0.96La0.04Ir2Zn20,0.07
Pr1Ir2Zn20,0.06
Ce1Ni2B2C1,0.05
Al1Th2,0.045
Ce1.005Ni2.025Ge1.975,0.035
Ce1.005Ni2.02Ge1.98,0.03
Ce0.98La0.02Pt3Si1,0.03
Pr1V2Al20,0.029667
Cu6La1,0.021
